image_filename,class_number
im_4_0.png,0
im_21_0.png,0
im_9_0.png,0
im_8_0.png,0
im_15_0.png,0
im_1_0.png,0
im_13_0.png,0
im_0_0.png,0
im_19_0.png,0
im_24_0.png,0
im_20_0.png,0
im_23_0.png,0
im_11_0.png,0
im_3_0.png,0
im_26_0.png,0
im_16_0.png,0
im_14_0.png,0
im_6_0.png,0
im_17_0.png,0
im_12_0.png,0
im_2_0.png,0
im_5_0.png,0
im_10_0.png,0
im_25_0.png,0
im_18_0.png,0
im_22_0.png,0
im_7_0.png,0
im_39_1.png,0
im_42_1.png,0
im_38_1.png,0
im_74_1.png,0
im_64_1.png,0
im_41_1.png,0
im_16_1.png,0
im_54_1.png,0
im_27_1.png,0
im_69_1.png,0
im_22_1.png,0
im_15_1.png,0
im_6_1.png,0
im_9_1.png,0
im_63_1.png,0
im_66_1.png,0
im_11_1.png,0
im_10_1.png,0
im_51_1.png,0
im_13_1.png,0
im_5_1.png,0
im_29_1.png,0
im_73_1.png,0
im_60_1.png,0
im_46_1.png,0
im_75_1.png,0
im_8_1.png,0
im_17_1.png,0
im_23_1.png,0
im_20_1.png,0
im_28_1.png,0
im_31_1.png,0
im_59_1.png,0
im_67_1.png,0
im_72_1.png,0
im_43_1.png,0
im_18_1.png,0
im_58_1.png,0
im_50_1.png,0
im_76_1.png,0
im_0_1.png,0
im_68_1.png,0
im_48_1.png,0
im_45_1.png,0
im_78_1.png,0
im_32_1.png,0
im_37_1.png,0
im_34_1.png,0
im_3_1.png,0
im_1_1.png,0
im_35_1.png,0
im_65_1.png,0
im_61_1.png,0
im_25_1.png,0
im_36_1.png,0
im_30_1.png,0
im_49_1.png,0
im_53_1.png,0
im_21_1.png,0
im_44_1.png,0
im_56_1.png,0
im_77_1.png,0
im_24_1.png,0
im_47_1.png,0
im_79_1.png,0
im_62_1.png,0
im_19_1.png,0
im_4_1.png,0
im_2_1.png,0
im_52_1.png,0
im_71_1.png,0
im_12_1.png,0
im_70_1.png,0
im_40_1.png,0
im_14_1.png,0
im_7_1.png,0
im_55_1.png,0
im_33_1.png,0
im_26_1.png,0
im_57_1.png,0
im_143_2.png,1
im_220_2.png,1
im_244_2.png,1
im_258_2.png,1
im_111_2.png,1
im_325_2.png,1
im_135_2.png,1
im_329_2.png,1
im_124_2.png,1
im_115_2.png,1
im_247_2.png,1
im_295_2.png,1
im_4_2.png,1
im_48_2.png,1
im_53_2.png,1
im_98_2.png,1
im_76_2.png,1
im_183_2.png,1
im_340_2.png,1
im_253_2.png,1
im_333_2.png,1
im_178_2.png,1
im_201_2.png,1
im_280_2.png,1
im_286_2.png,1
im_101_2.png,1
im_338_2.png,1
im_154_2.png,1
im_296_2.png,1
im_309_2.png,1
im_204_2.png,1
im_28_2.png,1
im_268_2.png,1
im_187_2.png,1
im_11_2.png,1
im_159_2.png,1
im_121_2.png,1
im_231_2.png,1
im_345_2.png,1
im_66_2.png,1
im_86_2.png,1
im_73_2.png,1
im_319_2.png,1
im_250_2.png,1
im_303_2.png,1
im_299_2.png,1
im_23_2.png,1
im_155_2.png,1
im_263_2.png,1
im_198_2.png,1
im_302_2.png,1
im_8_2.png,1
im_129_2.png,1
im_197_2.png,1
im_77_2.png,1
im_277_2.png,1
im_94_2.png,1
im_41_2.png,1
im_269_2.png,1
im_177_2.png,1
im_175_2.png,1
im_270_2.png,1
im_227_2.png,1
im_12_2.png,1
im_33_2.png,1
im_128_2.png,1
im_350_2.png,1
im_42_2.png,1
im_110_2.png,1
im_283_2.png,1
im_55_2.png,1
im_51_2.png,1
im_65_2.png,1
im_212_2.png,1
im_16_2.png,1
im_233_2.png,1
im_71_2.png,1
im_36_2.png,1
im_50_2.png,1
im_157_2.png,1
im_305_2.png,1
im_222_2.png,1
im_298_2.png,1
im_68_2.png,1
im_282_2.png,1
im_209_2.png,1
im_316_2.png,1
im_126_2.png,1
im_240_2.png,1
im_63_2.png,1
im_215_2.png,1
im_151_2.png,1
im_160_2.png,1
im_202_2.png,1
im_162_2.png,1
im_0_2.png,1
im_232_2.png,1
im_241_2.png,1
im_279_2.png,1
im_324_2.png,1
im_116_2.png,1
im_107_2.png,1
im_311_2.png,1
im_284_2.png,1
im_245_2.png,1
im_276_2.png,1
im_307_2.png,1
im_347_2.png,1
im_141_2.png,1
im_339_2.png,1
im_70_2.png,1
im_273_2.png,1
im_217_2.png,1
im_19_2.png,1
im_242_2.png,1
im_31_2.png,1
im_323_2.png,1
im_349_2.png,1
im_314_2.png,1
im_317_2.png,1
im_104_2.png,1
im_138_2.png,1
im_38_2.png,1
im_264_2.png,1
im_88_2.png,1
im_195_2.png,1
im_200_2.png,1
im_166_2.png,1
im_320_2.png,1
im_193_2.png,1
im_208_2.png,1
im_234_2.png,1
im_96_2.png,1
im_125_2.png,1
im_301_2.png,1
im_132_2.png,1
im_237_2.png,1
im_172_2.png,1
im_106_2.png,1
im_334_2.png,1
im_99_2.png,1
im_171_2.png,1
im_249_2.png,1
im_243_2.png,1
im_225_2.png,1
im_169_2.png,1
im_9_2.png,1
im_60_2.png,1
im_142_2.png,1
im_95_2.png,1
im_87_2.png,1
im_255_2.png,1
im_185_2.png,1
im_189_2.png,1
im_6_2.png,1
im_262_2.png,1
im_190_2.png,1
im_271_2.png,1
im_206_2.png,1
im_256_2.png,1
im_114_2.png,1
im_44_2.png,1
im_331_2.png,1
im_45_2.png,1
im_153_2.png,1
im_144_2.png,1
im_259_2.png,1
im_346_2.png,1
im_21_2.png,1
im_61_2.png,1
im_123_2.png,1
im_219_2.png,1
im_29_2.png,1
im_79_2.png,1
im_229_2.png,1
im_230_2.png,1
im_294_2.png,1
im_235_2.png,1
im_342_2.png,1
im_7_2.png,1
im_137_2.png,1
im_167_2.png,1
im_146_2.png,1
im_109_2.png,1
im_327_2.png,1
im_37_2.png,1
im_127_2.png,1
im_174_2.png,1
im_224_2.png,1
im_196_2.png,1
im_1_2.png,1
im_261_2.png,1
im_149_2.png,1
im_18_2.png,1
im_136_2.png,1
im_24_2.png,1
im_56_2.png,1
im_69_2.png,1
im_246_2.png,1
im_182_2.png,1
im_291_2.png,1
im_267_2.png,1
im_252_2.png,1
im_287_2.png,1
im_239_2.png,1
im_292_2.png,1
im_74_2.png,1
im_32_2.png,1
im_341_2.png,1
im_248_2.png,1
im_117_2.png,1
im_226_2.png,1
im_265_2.png,1
im_26_2.png,1
im_92_2.png,1
im_211_2.png,1
im_59_2.png,1
im_194_2.png,1
im_186_2.png,1
im_164_2.png,1
im_275_2.png,1
im_120_2.png,1
im_179_2.png,1
im_318_2.png,1
im_344_2.png,1
im_108_2.png,1
im_81_2.png,1
im_20_2.png,1
im_139_2.png,1
im_46_2.png,1
im_103_2.png,1
im_145_2.png,1
im_310_2.png,1
im_313_2.png,1
im_62_2.png,1
im_147_2.png,1
im_122_2.png,1
im_161_2.png,1
im_308_2.png,1
im_58_2.png,1
im_176_2.png,1
im_102_2.png,1
im_91_2.png,1
im_158_2.png,1
im_180_2.png,1
im_52_2.png,1
im_22_2.png,1
im_293_2.png,1
im_274_2.png,1
im_10_2.png,1
im_191_2.png,1
im_306_2.png,1
im_85_2.png,1
im_221_2.png,1
im_2_2.png,1
im_328_2.png,1
im_83_2.png,1
im_84_2.png,1
im_289_2.png,1
im_39_2.png,1
im_131_2.png,1
im_78_2.png,1
im_89_2.png,1
im_343_2.png,1
im_119_2.png,1
im_348_2.png,1
im_3_2.png,1
im_57_2.png,1
im_35_2.png,1
im_72_2.png,1
im_75_2.png,1
im_64_2.png,1
im_34_2.png,1
im_17_2.png,1
im_210_2.png,1
im_192_2.png,1
im_304_2.png,1
im_213_2.png,1
im_173_2.png,1
im_332_2.png,1
im_113_2.png,1
im_80_2.png,1
im_170_2.png,1
im_330_2.png,1
im_181_2.png,1
im_15_2.png,1
im_315_2.png,1
im_67_2.png,1
im_218_2.png,1
im_165_2.png,1
im_148_2.png,1
im_351_2.png,1
im_25_2.png,1
im_100_2.png,1
im_238_2.png,1
im_133_2.png,1
im_40_2.png,1
im_321_2.png,1
im_13_2.png,1
im_188_2.png,1
im_205_2.png,1
im_140_2.png,1
im_54_2.png,1
im_27_2.png,1
im_300_2.png,1
im_216_2.png,1
im_207_2.png,1
im_30_2.png,1
im_150_2.png,1
im_251_2.png,1
im_336_2.png,1
im_285_2.png,1
im_105_2.png,1
im_228_2.png,1
im_223_2.png,1
im_118_2.png,1
im_47_2.png,1
im_156_2.png,1
im_260_2.png,1
im_184_2.png,1
im_93_2.png,1
im_337_2.png,1
im_278_2.png,1
im_266_2.png,1
im_5_2.png,1
im_312_2.png,1
im_326_2.png,1
im_43_2.png,1
im_322_2.png,1
im_163_2.png,1
im_97_2.png,1
im_82_2.png,1
im_90_2.png,1
im_254_2.png,1
im_168_2.png,1
im_49_2.png,1
im_214_2.png,1
im_290_2.png,1
im_272_2.png,1
im_203_2.png,1
im_134_2.png,1
im_257_2.png,1
im_335_2.png,1
im_236_2.png,1
im_112_2.png,1
im_152_2.png,1
im_199_2.png,1
im_288_2.png,1
im_297_2.png,1
im_281_2.png,1
im_130_2.png,1
im_14_2.png,1
im_54_3.png,1
im_151_3.png,1
im_135_3.png,1
im_68_3.png,1
im_131_3.png,1
im_171_3.png,1
im_167_3.png,1
im_27_3.png,1
im_21_3.png,1
im_173_3.png,1
im_81_3.png,1
im_11_3.png,1
im_80_3.png,1
im_152_3.png,1
im_59_3.png,1
im_148_3.png,1
im_9_3.png,1
im_121_3.png,1
im_57_3.png,1
im_44_3.png,1
im_128_3.png,1
im_46_3.png,1
im_12_3.png,1
im_101_3.png,1
im_78_3.png,1
im_79_3.png,1
im_180_3.png,1
im_114_3.png,1
im_84_3.png,1
im_154_3.png,1
im_36_3.png,1
im_22_3.png,1
im_145_3.png,1
im_83_3.png,1
im_55_3.png,1
im_110_3.png,1
im_94_3.png,1
im_65_3.png,1
im_10_3.png,1
im_6_3.png,1
im_2_3.png,1
im_29_3.png,1
im_165_3.png,1
im_18_3.png,1
im_95_3.png,1
im_139_3.png,1
im_74_3.png,1
im_13_3.png,1
im_90_3.png,1
im_14_3.png,1
im_178_3.png,1
im_111_3.png,1
im_75_3.png,1
im_133_3.png,1
im_92_3.png,1
im_26_3.png,1
im_62_3.png,1
im_19_3.png,1
im_58_3.png,1
im_156_3.png,1
im_157_3.png,1
im_31_3.png,1
im_47_3.png,1
im_161_3.png,1
im_163_3.png,1
im_7_3.png,1
im_24_3.png,1
im_39_3.png,1
im_15_3.png,1
im_52_3.png,1
im_82_3.png,1
im_32_3.png,1
im_1_3.png,1
im_88_3.png,1
im_3_3.png,1
im_103_3.png,1
im_70_3.png,1
im_123_3.png,1
im_93_3.png,1
im_170_3.png,1
im_87_3.png,1
im_76_3.png,1
im_166_3.png,1
im_37_3.png,1
im_122_3.png,1
im_64_3.png,1
im_96_3.png,1
im_42_3.png,1
im_85_3.png,1
im_142_3.png,1
im_149_3.png,1
im_144_3.png,1
im_162_3.png,1
im_113_3.png,1
im_25_3.png,1
im_73_3.png,1
im_17_3.png,1
im_53_3.png,1
im_174_3.png,1
im_41_3.png,1
im_30_3.png,1
im_112_3.png,1
im_67_3.png,1
im_134_3.png,1
im_182_3.png,1
im_49_3.png,1
im_60_3.png,1
im_77_3.png,1
im_35_3.png,1
im_91_3.png,1
im_140_3.png,1
im_127_3.png,1
im_71_3.png,1
im_86_3.png,1
im_56_3.png,1
im_105_3.png,1
im_175_3.png,1
im_136_3.png,1
im_20_3.png,1
im_169_3.png,1
im_138_3.png,1
im_118_3.png,1
im_183_3.png,1
im_109_3.png,1
im_172_3.png,1
im_4_3.png,1
im_120_3.png,1
im_107_3.png,1
im_119_3.png,1
im_108_3.png,1
im_184_3.png,1
im_63_3.png,1
im_160_3.png,1
im_28_3.png,1
im_34_3.png,1
im_132_3.png,1
im_43_3.png,1
im_51_3.png,1
im_23_3.png,1
im_164_3.png,1
im_102_3.png,1
im_50_3.png,1
im_98_3.png,1
im_150_3.png,1
im_106_3.png,1
im_143_3.png,1
im_176_3.png,1
im_146_3.png,1
im_40_3.png,1
im_124_3.png,1
im_141_3.png,1
im_177_3.png,1
im_66_3.png,1
im_97_3.png,1
im_0_3.png,1
im_48_3.png,1
im_130_3.png,1
im_104_3.png,1
im_159_3.png,1
im_129_3.png,1
im_8_3.png,1
im_116_3.png,1
im_38_3.png,1
im_125_3.png,1
im_16_3.png,1
im_153_3.png,1
im_117_3.png,1
im_168_3.png,1
im_147_3.png,1
im_72_3.png,1
im_61_3.png,1
im_155_3.png,1
im_33_3.png,1
im_45_3.png,1
im_126_3.png,1
im_5_3.png,1
im_115_3.png,1
im_137_3.png,1
im_99_3.png,1
im_181_3.png,1
im_69_3.png,1
im_179_3.png,1
im_89_3.png,1
im_158_3.png,1
im_100_3.png,1
im_41_4.png,0
im_88_4.png,0
im_111_4.png,0
im_28_4.png,0
im_50_4.png,0
im_16_4.png,0
im_27_4.png,0
im_75_4.png,0
im_21_4.png,0
im_123_4.png,0
im_127_4.png,0
im_40_4.png,0
im_83_4.png,0
im_128_4.png,0
im_23_4.png,0
im_4_4.png,0
im_115_4.png,0
im_7_4.png,0
im_104_4.png,0
im_44_4.png,0
im_48_4.png,0
im_59_4.png,0
im_34_4.png,0
im_82_4.png,0
im_61_4.png,0
im_100_4.png,0
im_85_4.png,0
im_116_4.png,0
im_19_4.png,0
im_9_4.png,0
im_42_4.png,0
im_5_4.png,0
im_80_4.png,0
im_45_4.png,0
im_32_4.png,0
im_66_4.png,0
im_95_4.png,0
im_0_4.png,0
im_126_4.png,0
im_54_4.png,0
im_57_4.png,0
im_99_4.png,0
im_36_4.png,0
im_20_4.png,0
im_35_4.png,0
im_17_4.png,0
im_14_4.png,0
im_43_4.png,0
im_114_4.png,0
im_121_4.png,0
im_58_4.png,0
im_84_4.png,0
im_24_4.png,0
im_92_4.png,0
im_74_4.png,0
im_97_4.png,0
im_22_4.png,0
im_39_4.png,0
im_63_4.png,0
im_18_4.png,0
im_109_4.png,0
im_64_4.png,0
im_112_4.png,0
im_129_4.png,0
im_118_4.png,0
im_53_4.png,0
im_13_4.png,0
im_108_4.png,0
im_91_4.png,0
im_79_4.png,0
im_130_4.png,0
im_101_4.png,0
im_2_4.png,0
im_12_4.png,0
im_11_4.png,0
im_93_4.png,0
im_119_4.png,0
im_107_4.png,0
im_103_4.png,0
im_73_4.png,0
im_51_4.png,0
im_52_4.png,0
im_37_4.png,0
im_56_4.png,0
im_3_4.png,0
im_29_4.png,0
im_70_4.png,0
im_77_4.png,0
im_72_4.png,0
im_76_4.png,0
im_86_4.png,0
im_8_4.png,0
im_106_4.png,0
im_25_4.png,0
im_71_4.png,0
im_120_4.png,0
im_46_4.png,0
im_49_4.png,0
im_68_4.png,0
im_55_4.png,0
im_38_4.png,0
im_113_4.png,0
im_87_4.png,0
im_15_4.png,0
im_96_4.png,0
im_1_4.png,0
im_10_4.png,0
im_67_4.png,0
im_124_4.png,0
im_69_4.png,0
im_62_4.png,0
im_47_4.png,0
im_60_4.png,0
im_110_4.png,0
im_31_4.png,0
im_78_4.png,0
im_81_4.png,0
im_89_4.png,0
im_30_4.png,0
im_26_4.png,0
im_102_4.png,0
im_98_4.png,0
im_94_4.png,0
im_105_4.png,0
im_125_4.png,0
im_65_4.png,0
im_6_4.png,0
im_117_4.png,0
im_33_4.png,0
im_122_4.png,0
im_90_4.png,0
im_34_5.png,0
im_10_5.png,0
im_11_5.png,0
im_45_5.png,0
im_9_5.png,0
im_21_5.png,0
im_60_5.png,0
im_41_5.png,0
im_46_5.png,0
im_35_5.png,0
im_13_5.png,0
im_43_5.png,0
im_26_5.png,0
im_47_5.png,0
im_52_5.png,0
im_40_5.png,0
im_44_5.png,0
im_39_5.png,0
im_50_5.png,0
im_53_5.png,0
im_6_5.png,0
im_68_5.png,0
im_23_5.png,0
im_16_5.png,0
im_25_5.png,0
im_55_5.png,0
im_56_5.png,0
im_28_5.png,0
im_22_5.png,0
im_15_5.png,0
im_30_5.png,0
im_4_5.png,0
im_2_5.png,0
im_27_5.png,0
im_24_5.png,0
im_70_5.png,0
im_72_5.png,0
im_17_5.png,0
im_5_5.png,0
im_1_5.png,0
im_12_5.png,0
im_54_5.png,0
im_0_5.png,0
im_14_5.png,0
im_58_5.png,0
im_64_5.png,0
im_71_5.png,0
im_42_5.png,0
im_48_5.png,0
im_18_5.png,0
im_7_5.png,0
im_37_5.png,0
im_69_5.png,0
im_59_5.png,0
im_38_5.png,0
im_57_5.png,0
im_51_5.png,0
im_66_5.png,0
im_31_5.png,0
im_8_5.png,0
im_63_5.png,0
im_62_5.png,0
im_29_5.png,0
im_67_5.png,0
im_33_5.png,0
im_3_5.png,0
im_65_5.png,0
im_36_5.png,0
im_19_5.png,0
im_61_5.png,0
im_32_5.png,0
im_49_5.png,0
im_20_5.png,0
im_471_6.png,0
im_571_6.png,0
im_518_6.png,0
im_160_6.png,0
im_280_6.png,0
im_269_6.png,0
im_468_6.png,0
im_271_6.png,0
im_247_6.png,0
im_330_6.png,0
im_209_6.png,0
im_309_6.png,0
im_256_6.png,0
im_66_6.png,0
im_220_6.png,0
im_273_6.png,0
im_24_6.png,0
im_36_6.png,0
im_78_6.png,0
im_237_6.png,0
im_460_6.png,0
im_235_6.png,0
im_377_6.png,0
im_559_6.png,0
im_117_6.png,0
im_241_6.png,0
im_316_6.png,0
im_334_6.png,0
im_325_6.png,0
im_482_6.png,0
im_336_6.png,0
im_29_6.png,0
im_64_6.png,0
im_281_6.png,0
im_473_6.png,0
im_410_6.png,0
im_511_6.png,0
im_262_6.png,0
im_597_6.png,0
im_292_6.png,0
im_260_6.png,0
im_526_6.png,0
im_427_6.png,0
im_69_6.png,0
im_218_6.png,0
im_633_6.png,0
im_258_6.png,0
im_267_6.png,0
im_9_6.png,0
im_356_6.png,0
im_545_6.png,0
im_82_6.png,0
im_3_6.png,0
im_515_6.png,0
im_150_6.png,0
im_313_6.png,0
im_629_6.png,0
im_615_6.png,0
im_320_6.png,0
im_562_6.png,0
im_546_6.png,0
im_243_6.png,0
im_15_6.png,0
im_33_6.png,0
im_83_6.png,0
im_375_6.png,0
im_523_6.png,0
im_374_6.png,0
im_171_6.png,0
im_466_6.png,0
im_617_6.png,0
im_311_6.png,0
im_91_6.png,0
im_332_6.png,0
im_601_6.png,0
im_317_6.png,0
im_372_6.png,0
im_274_6.png,0
im_472_6.png,0
im_491_6.png,0
im_359_6.png,0
im_239_6.png,0
im_402_6.png,0
im_136_6.png,0
im_447_6.png,0
im_166_6.png,0
im_642_6.png,0
im_445_6.png,0
im_196_6.png,0
im_178_6.png,0
im_339_6.png,0
im_441_6.png,0
im_516_6.png,0
im_39_6.png,0
im_406_6.png,0
im_17_6.png,0
im_637_6.png,0
im_520_6.png,0
im_435_6.png,0
im_327_6.png,0
im_353_6.png,0
im_497_6.png,0
im_641_6.png,0
im_300_6.png,0
im_614_6.png,0
im_553_6.png,0
im_607_6.png,0
im_249_6.png,0
im_52_6.png,0
im_382_6.png,0
im_65_6.png,0
im_627_6.png,0
im_108_6.png,0
im_43_6.png,0
im_232_6.png,0
im_450_6.png,0
im_585_6.png,0
im_211_6.png,0
im_299_6.png,0
im_529_6.png,0
im_242_6.png,0
im_170_6.png,0
im_369_6.png,0
im_449_6.png,0
im_494_6.png,0
im_175_6.png,0
im_528_6.png,0
im_234_6.png,0
im_366_6.png,0
im_129_6.png,0
im_201_6.png,0
im_344_6.png,0
im_581_6.png,0
im_541_6.png,0
im_315_6.png,0
im_319_6.png,0
im_162_6.png,0
im_634_6.png,0
im_151_6.png,0
im_577_6.png,0
im_568_6.png,0
im_592_6.png,0
im_89_6.png,0
im_195_6.png,0
im_495_6.png,0
im_537_6.png,0
im_56_6.png,0
im_286_6.png,0
im_361_6.png,0
im_221_6.png,0
im_368_6.png,0
im_295_6.png,0
im_464_6.png,0
im_266_6.png,0
im_158_6.png,0
im_285_6.png,0
im_367_6.png,0
im_51_6.png,0
im_197_6.png,0
im_294_6.png,0
im_119_6.png,0
im_579_6.png,0
im_76_6.png,0
im_394_6.png,0
im_172_6.png,0
im_437_6.png,0
im_302_6.png,0
im_88_6.png,0
im_558_6.png,0
im_180_6.png,0
im_337_6.png,0
im_270_6.png,0
im_177_6.png,0
im_310_6.png,0
im_132_6.png,0
im_453_6.png,0
im_22_6.png,0
im_55_6.png,0
im_135_6.png,0
im_492_6.png,0
im_522_6.png,0
im_412_6.png,0
im_167_6.png,0
im_639_6.png,0
im_619_6.png,0
im_643_6.png,0
im_635_6.png,0
im_60_6.png,0
im_533_6.png,0
im_422_6.png,0
im_137_6.png,0
im_432_6.png,0
im_128_6.png,0
im_630_6.png,0
im_430_6.png,0
im_419_6.png,0
im_600_6.png,0
im_398_6.png,0
im_298_6.png,0
im_275_6.png,0
im_521_6.png,0
im_38_6.png,0
im_416_6.png,0
im_573_6.png,0
im_130_6.png,0
im_517_6.png,0
im_168_6.png,0
im_335_6.png,0
im_308_6.png,0
im_12_6.png,0
im_350_6.png,0
im_556_6.png,0
im_420_6.png,0
im_75_6.png,0
im_213_6.png,0
im_251_6.png,0
im_485_6.png,0
im_147_6.png,0
im_21_6.png,0
im_530_6.png,0
im_5_6.png,0
im_250_6.png,0
im_205_6.png,0
im_200_6.png,0
im_163_6.png,0
im_57_6.png,0
im_159_6.png,0
im_387_6.png,0
im_58_6.png,0
im_418_6.png,0
im_610_6.png,0
im_265_6.png,0
im_493_6.png,0
im_588_6.png,0
im_527_6.png,0
im_622_6.png,0
im_625_6.png,0
im_486_6.png,0
im_186_6.png,0
im_504_6.png,0
im_551_6.png,0
im_603_6.png,0
im_16_6.png,0
im_364_6.png,0
im_222_6.png,0
im_123_6.png,0
im_112_6.png,0
im_59_6.png,0
im_433_6.png,0
im_145_6.png,0
im_133_6.png,0
im_263_6.png,0
im_173_6.png,0
im_212_6.png,0
im_102_6.png,0
im_510_6.png,0
im_85_6.png,0
im_27_6.png,0
im_379_6.png,0
im_87_6.png,0
im_28_6.png,0
im_50_6.png,0
im_348_6.png,0
im_550_6.png,0
im_590_6.png,0
im_41_6.png,0
im_425_6.png,0
im_436_6.png,0
im_481_6.png,0
im_62_6.png,0
im_210_6.png,0
im_490_6.png,0
im_219_6.png,0
im_191_6.png,0
im_591_6.png,0
im_30_6.png,0
im_567_6.png,0
im_72_6.png,0
im_593_6.png,0
im_290_6.png,0
im_301_6.png,0
im_417_6.png,0
im_524_6.png,0
im_115_6.png,0
im_189_6.png,0
im_176_6.png,0
im_426_6.png,0
im_345_6.png,0
im_360_6.png,0
im_534_6.png,0
im_362_6.png,0
im_228_6.png,0
im_44_6.png,0
im_278_6.png,0
im_354_6.png,0
im_1_6.png,0
im_193_6.png,0
im_409_6.png,0
im_408_6.png,0
im_93_6.png,0
im_131_6.png,0
im_165_6.png,0
im_231_6.png,0
im_18_6.png,0
im_386_6.png,0
im_616_6.png,0
im_95_6.png,0
im_501_6.png,0
im_202_6.png,0
im_208_6.png,0
im_279_6.png,0
im_608_6.png,0
im_431_6.png,0
im_184_6.png,0
im_198_6.png,0
im_84_6.png,0
im_507_6.png,0
im_535_6.png,0
im_631_6.png,0
im_126_6.png,0
im_365_6.png,0
im_277_6.png,0
im_48_6.png,0
im_624_6.png,0
im_245_6.png,0
im_429_6.png,0
im_538_6.png,0
im_113_6.png,0
im_61_6.png,0
im_505_6.png,0
im_405_6.png,0
im_225_6.png,0
im_640_6.png,0
im_190_6.png,0
im_120_6.png,0
im_224_6.png,0
im_124_6.png,0
im_204_6.png,0
im_548_6.png,0
im_536_6.png,0
im_296_6.png,0
im_14_6.png,0
im_97_6.png,0
im_475_6.png,0
im_632_6.png,0
im_289_6.png,0
im_96_6.png,0
im_307_6.png,0
im_509_6.png,0
im_532_6.png,0
im_40_6.png,0
im_611_6.png,0
im_458_6.png,0
im_484_6.png,0
im_116_6.png,0
im_312_6.png,0
im_46_6.png,0
im_414_6.png,0
im_609_6.png,0
im_557_6.png,0
im_174_6.png,0
im_100_6.png,0
im_297_6.png,0
im_26_6.png,0
im_110_6.png,0
im_352_6.png,0
im_8_6.png,0
im_423_6.png,0
im_459_6.png,0
im_500_6.png,0
im_306_6.png,0
im_79_6.png,0
im_454_6.png,0
im_455_6.png,0
im_589_6.png,0
im_49_6.png,0
im_574_6.png,0
im_638_6.png,0
im_503_6.png,0
im_439_6.png,0
im_153_6.png,0
im_613_6.png,0
im_37_6.png,0
im_303_6.png,0
im_114_6.png,0
im_291_6.png,0
im_355_6.png,0
im_111_6.png,0
im_252_6.png,0
im_463_6.png,0
im_341_6.png,0
im_596_6.png,0
im_602_6.png,0
im_54_6.png,0
im_396_6.png,0
im_620_6.png,0
im_444_6.png,0
im_134_6.png,0
im_236_6.png,0
im_477_6.png,0
im_595_6.png,0
im_284_6.png,0
im_67_6.png,0
im_479_6.png,0
im_525_6.png,0
im_467_6.png,0
im_598_6.png,0
im_13_6.png,0
im_388_6.png,0
im_19_6.png,0
im_407_6.png,0
im_512_6.png,0
im_380_6.png,0
im_35_6.png,0
im_502_6.png,0
im_31_6.png,0
im_474_6.png,0
im_246_6.png,0
im_358_6.png,0
im_469_6.png,0
im_583_6.png,0
im_519_6.png,0
im_318_6.png,0
im_104_6.png,0
im_0_6.png,0
im_351_6.png,0
im_487_6.png,0
im_343_6.png,0
im_226_6.png,0
im_194_6.png,0
im_440_6.png,0
im_363_6.png,0
im_508_6.png,0
im_448_6.png,0
im_90_6.png,0
im_452_6.png,0
im_141_6.png,0
im_580_6.png,0
im_621_6.png,0
im_480_6.png,0
im_566_6.png,0
im_23_6.png,0
im_560_6.png,0
im_45_6.png,0
im_155_6.png,0
im_443_6.png,0
im_349_6.png,0
im_342_6.png,0
im_203_6.png,0
im_229_6.png,0
im_125_6.png,0
im_612_6.png,0
im_599_6.png,0
im_451_6.png,0
im_483_6.png,0
im_99_6.png,0
im_328_6.png,0
im_109_6.png,0
im_314_6.png,0
im_149_6.png,0
im_543_6.png,0
im_106_6.png,0
im_146_6.png,0
im_70_6.png,0
im_293_6.png,0
im_103_6.png,0
im_498_6.png,0
im_101_6.png,0
im_255_6.png,0
im_10_6.png,0
im_606_6.png,0
im_376_6.png,0
im_92_6.png,0
im_261_6.png,0
im_244_6.png,0
im_6_6.png,0
im_578_6.png,0
im_254_6.png,0
im_73_6.png,0
im_139_6.png,0
im_217_6.png,0
im_594_6.png,0
im_428_6.png,0
im_371_6.png,0
im_457_6.png,0
im_179_6.png,0
im_340_6.png,0
im_513_6.png,0
im_161_6.png,0
im_401_6.png,0
im_86_6.png,0
im_565_6.png,0
im_216_6.png,0
im_326_6.png,0
im_531_6.png,0
im_569_6.png,0
im_143_6.png,0
im_563_6.png,0
im_152_6.png,0
im_154_6.png,0
im_506_6.png,0
im_438_6.png,0
im_287_6.png,0
im_584_6.png,0
im_20_6.png,0
im_539_6.png,0
im_164_6.png,0
im_80_6.png,0
im_32_6.png,0
im_288_6.png,0
im_53_6.png,0
im_68_6.png,0
im_400_6.png,0
im_499_6.png,0
im_383_6.png,0
im_305_6.png,0
im_63_6.png,0
im_181_6.png,0
im_142_6.png,0
im_98_6.png,0
im_403_6.png,0
im_192_6.png,0
im_322_6.png,0
im_248_6.png,0
im_11_6.png,0
im_282_6.png,0
im_605_6.png,0
im_122_6.png,0
im_227_6.png,0
im_555_6.png,0
im_206_6.png,0
im_81_6.png,0
im_586_6.png,0
im_397_6.png,0
im_628_6.png,0
im_77_6.png,0
im_470_6.png,0
im_138_6.png,0
im_182_6.png,0
im_188_6.png,0
im_331_6.png,0
im_514_6.png,0
im_404_6.png,0
im_390_6.png,0
im_329_6.png,0
im_272_6.png,0
im_618_6.png,0
im_94_6.png,0
im_385_6.png,0
im_544_6.png,0
im_283_6.png,0
im_223_6.png,0
im_259_6.png,0
im_107_6.png,0
im_636_6.png,0
im_462_6.png,0
im_253_6.png,0
im_411_6.png,0
im_230_6.png,0
im_169_6.png,0
im_199_6.png,0
im_381_6.png,0
im_391_6.png,0
im_238_6.png,0
im_415_6.png,0
im_399_6.png,0
im_389_6.png,0
im_105_6.png,0
im_384_6.png,0
im_276_6.png,0
im_392_6.png,0
im_576_6.png,0
im_424_6.png,0
im_7_6.png,0
im_434_6.png,0
im_144_6.png,0
im_604_6.png,0
im_461_6.png,0
im_333_6.png,0
im_34_6.png,0
im_185_6.png,0
im_268_6.png,0
im_233_6.png,0
im_4_6.png,0
im_215_6.png,0
im_421_6.png,0
im_626_6.png,0
im_240_6.png,0
im_561_6.png,0
im_257_6.png,0
im_121_6.png,0
im_47_6.png,0
im_2_6.png,0
im_370_6.png,0
im_148_6.png,0
im_357_6.png,0
im_71_6.png,0
im_207_6.png,0
im_321_6.png,0
im_323_6.png,0
im_478_6.png,0
im_572_6.png,0
im_187_6.png,0
im_575_6.png,0
im_395_6.png,0
im_324_6.png,0
im_456_6.png,0
im_25_6.png,0
im_442_6.png,0
im_552_6.png,0
im_140_6.png,0
im_554_6.png,0
im_346_6.png,0
im_540_6.png,0
im_393_6.png,0
im_623_6.png,0
im_74_6.png,0
im_547_6.png,0
im_264_6.png,0
im_446_6.png,0
im_373_6.png,0
im_582_6.png,0
im_183_6.png,0
im_378_6.png,0
im_304_6.png,0
im_496_6.png,0
im_489_6.png,0
im_127_6.png,0
im_347_6.png,0
im_587_6.png,0
im_549_6.png,0
im_156_6.png,0
im_488_6.png,0
im_413_6.png,0
im_542_6.png,0
im_214_6.png,0
im_570_6.png,0
im_465_6.png,0
im_118_6.png,0
im_157_6.png,0
im_42_6.png,0
im_476_6.png,0
im_564_6.png,0
im_338_6.png,0
im_71_8.png,1
im_58_8.png,1
im_61_8.png,1
im_41_8.png,1
im_74_8.png,1
im_38_8.png,1
im_15_8.png,1
im_26_8.png,1
im_34_8.png,1
im_66_8.png,1
im_60_8.png,1
im_13_8.png,1
im_1_8.png,1
im_0_8.png,1
im_76_8.png,1
im_47_8.png,1
im_7_8.png,1
im_12_8.png,1
im_88_8.png,1
im_83_8.png,1
im_84_8.png,1
im_36_8.png,1
im_59_8.png,1
im_40_8.png,1
im_22_8.png,1
im_69_8.png,1
im_44_8.png,1
im_86_8.png,1
im_3_8.png,1
im_68_8.png,1
im_90_8.png,1
im_4_8.png,1
im_28_8.png,1
im_9_8.png,1
im_78_8.png,1
im_35_8.png,1
im_5_8.png,1
im_85_8.png,1
im_51_8.png,1
im_24_8.png,1
im_27_8.png,1
im_16_8.png,1
im_65_8.png,1
im_67_8.png,1
im_11_8.png,1
im_19_8.png,1
im_64_8.png,1
im_33_8.png,1
im_17_8.png,1
im_81_8.png,1
im_42_8.png,1
im_52_8.png,1
im_18_8.png,1
im_37_8.png,1
im_56_8.png,1
im_43_8.png,1
im_94_8.png,1
im_92_8.png,1
im_48_8.png,1
im_10_8.png,1
im_30_8.png,1
im_89_8.png,1
im_55_8.png,1
im_72_8.png,1
im_32_8.png,1
im_75_8.png,1
im_46_8.png,1
im_77_8.png,1
im_14_8.png,1
im_95_8.png,1
im_50_8.png,1
im_23_8.png,1
im_82_8.png,1
im_25_8.png,1
im_91_8.png,1
im_21_8.png,1
im_49_8.png,1
im_93_8.png,1
im_54_8.png,1
im_63_8.png,1
im_57_8.png,1
im_2_8.png,1
im_8_8.png,1
im_87_8.png,1
im_70_8.png,1
im_29_8.png,1
im_80_8.png,1
im_39_8.png,1
im_53_8.png,1
im_6_8.png,1
im_62_8.png,1
im_20_8.png,1
im_73_8.png,1
im_79_8.png,1
im_31_8.png,1
im_45_8.png,1
im_93_11.png,0
im_72_11.png,0
im_28_11.png,0
im_167_11.png,0
im_22_11.png,0
im_125_11.png,0
im_86_11.png,0
im_127_11.png,0
im_138_11.png,0
im_69_11.png,0
im_147_11.png,0
im_58_11.png,0
im_50_11.png,0
im_121_11.png,0
im_62_11.png,0
im_13_11.png,0
im_2_11.png,0
im_24_11.png,0
im_107_11.png,0
im_83_11.png,0
im_100_11.png,0
im_85_11.png,0
im_97_11.png,0
im_16_11.png,0
im_11_11.png,0
im_140_11.png,0
im_56_11.png,0
im_101_11.png,0
im_43_11.png,0
im_78_11.png,0
im_80_11.png,0
im_77_11.png,0
im_60_11.png,0
im_15_11.png,0
im_157_11.png,0
im_25_11.png,0
im_141_11.png,0
im_27_11.png,0
im_64_11.png,0
im_73_11.png,0
im_35_11.png,0
im_70_11.png,0
im_57_11.png,0
im_41_11.png,0
im_38_11.png,0
im_4_11.png,0
im_9_11.png,0
im_144_11.png,0
im_98_11.png,0
im_91_11.png,0
im_115_11.png,0
im_99_11.png,0
im_75_11.png,0
im_30_11.png,0
im_156_11.png,0
im_10_11.png,0
im_33_11.png,0
im_106_11.png,0
im_139_11.png,0
im_49_11.png,0
im_105_11.png,0
im_123_11.png,0
im_134_11.png,0
im_31_11.png,0
im_61_11.png,0
im_54_11.png,0
im_87_11.png,0
im_1_11.png,0
im_161_11.png,0
im_155_11.png,0
im_20_11.png,0
im_117_11.png,0
im_59_11.png,0
im_160_11.png,0
im_118_11.png,0
im_146_11.png,0
im_6_11.png,0
im_169_11.png,0
im_55_11.png,0
im_143_11.png,0
im_92_11.png,0
im_129_11.png,0
im_151_11.png,0
im_70_18.png,1
im_66_18.png,1
im_7_18.png,1
im_48_18.png,1
im_60_18.png,1
im_2_18.png,1
im_16_18.png,1
im_34_18.png,1
im_41_18.png,1
im_27_18.png,1
im_28_18.png,1
im_55_18.png,1
im_72_18.png,1
im_44_18.png,1
im_78_18.png,1
im_17_18.png,1
im_42_18.png,1
im_1_18.png,1
im_65_18.png,1
im_71_18.png,1
im_68_18.png,1
im_24_18.png,1
im_15_18.png,1
im_50_18.png,1
im_54_18.png,1
im_33_18.png,1
im_12_18.png,1
im_52_18.png,1
im_49_18.png,1
im_67_18.png,1
im_0_18.png,1
im_25_18.png,1
im_56_18.png,1
im_77_18.png,1
im_9_18.png,1
im_39_18.png,1
im_31_18.png,1
im_5_18.png,1
im_46_18.png,1
im_57_18.png,1
im_11_18.png,1
im_19_18.png,1
im_14_18.png,1
im_32_18.png,1
im_4_18.png,1
im_58_18.png,1
im_64_18.png,1
im_21_18.png,1
im_47_18.png,1
im_40_18.png,1
im_10_18.png,1
im_29_18.png,1
im_79_18.png,1
im_74_18.png,1
im_18_18.png,1
im_8_18.png,1
im_69_18.png,1
im_23_18.png,1
im_76_18.png,1
im_6_18.png,1
im_37_18.png,1
im_53_18.png,1
im_38_18.png,1
im_51_18.png,1
im_30_18.png,1
im_63_18.png,1
im_75_18.png,1
im_45_18.png,1
im_61_18.png,1
im_43_18.png,1
im_59_18.png,1
im_22_18.png,1
im_73_18.png,1
im_80_18.png,1
im_20_18.png,1
im_26_18.png,1
im_3_18.png,1
im_36_18.png,1
im_62_18.png,1
im_35_18.png,1
im_13_18.png,1
im_151_22.png,1
im_61_22.png,1
im_26_22.png,1
im_70_22.png,1
im_16_22.png,1
im_74_22.png,1
im_135_22.png,1
im_8_22.png,1
im_66_22.png,1
im_79_22.png,1
im_75_22.png,1
im_148_22.png,1
im_12_22.png,1
im_155_22.png,1
im_49_22.png,1
im_30_22.png,1
im_110_22.png,1
im_96_22.png,1
im_104_22.png,1
im_106_22.png,1
im_105_22.png,1
im_129_22.png,1
im_159_22.png,1
im_100_22.png,1
im_69_22.png,1
im_24_22.png,1
im_109_22.png,1
im_34_22.png,1
im_125_22.png,1
im_162_22.png,1
im_102_22.png,1
im_64_22.png,1
im_45_22.png,1
im_97_22.png,1
im_59_22.png,1
im_142_22.png,1
im_145_22.png,1
im_78_22.png,1
im_111_22.png,1
im_15_22.png,1
im_7_22.png,1
im_139_22.png,1
im_126_22.png,1
im_68_22.png,1
im_19_22.png,1
im_121_22.png,1
im_27_22.png,1
im_86_22.png,1
im_77_22.png,1
im_81_22.png,1
im_93_22.png,1
im_92_22.png,1
im_60_22.png,1
im_94_22.png,1
im_115_22.png,1
im_152_22.png,1
im_157_22.png,1
im_71_22.png,1
im_42_22.png,1
im_144_22.png,1
im_99_22.png,1
im_117_22.png,1
im_146_22.png,1
im_137_22.png,1
im_85_22.png,1
im_83_22.png,1
im_156_22.png,1
im_67_22.png,1
im_149_22.png,1
im_53_22.png,1
im_54_22.png,1
im_65_22.png,1
im_44_22.png,1
im_130_22.png,1
im_154_22.png,1
im_140_22.png,1
im_143_22.png,1
im_122_22.png,1
im_52_22.png,1
im_55_22.png,1
im_5_22.png,1
im_89_22.png,1
im_20_22.png,1
im_88_22.png,1
im_31_22.png,1
im_46_22.png,1
im_39_22.png,1
im_56_22.png,1
im_84_22.png,1
im_113_22.png,1
im_98_22.png,1
im_87_22.png,1
im_132_22.png,1
im_3_22.png,1
im_116_22.png,1
im_161_22.png,1
im_41_22.png,1
im_50_22.png,1
im_23_22.png,1
im_32_22.png,1
im_95_22.png,1
im_4_22.png,1
im_6_22.png,1
im_10_22.png,1
im_150_22.png,1
im_124_22.png,1
im_128_22.png,1
im_9_22.png,1
im_82_22.png,1
im_1_22.png,1
im_40_22.png,1
im_0_22.png,1
im_101_22.png,1
im_62_22.png,1
im_33_22.png,1
im_43_22.png,1
im_17_22.png,1
im_18_22.png,1
im_63_22.png,1
im_114_22.png,1
im_76_22.png,1
im_112_22.png,1
im_131_22.png,1
im_38_22.png,1
im_72_22.png,1
im_138_22.png,1
im_108_22.png,1
im_51_22.png,1
im_147_22.png,1
im_134_22.png,1
im_2_22.png,1
im_47_22.png,1
im_90_22.png,1
im_123_22.png,1
im_22_22.png,1
im_127_22.png,1
im_21_22.png,1
im_35_22.png,1
im_14_22.png,1
im_13_22.png,1
im_136_22.png,1
im_29_22.png,1
im_25_22.png,1
im_133_22.png,1
im_57_22.png,1
im_37_22.png,1
im_120_22.png,1
im_153_22.png,1
im_11_22.png,1
im_80_22.png,1
im_158_22.png,1
im_58_22.png,1
im_103_22.png,1
im_160_22.png,1
im_91_22.png,1
im_119_22.png,1
im_73_22.png,1
im_48_22.png,1
im_28_22.png,1
im_36_22.png,1
im_118_22.png,1
im_107_22.png,1
im_141_22.png,1
im_139_25.png,1
im_419_25.png,1
im_194_25.png,1
im_112_25.png,1
im_60_25.png,1
im_89_25.png,1
im_378_25.png,1
im_69_25.png,1
im_175_25.png,1
im_142_25.png,1
im_168_25.png,1
im_82_25.png,1
im_140_25.png,1
im_190_25.png,1
im_193_25.png,1
im_36_25.png,1
im_285_25.png,1
im_46_25.png,1
im_104_25.png,1
im_145_25.png,1
im_188_25.png,1
im_42_25.png,1
im_318_25.png,1
im_333_25.png,1
im_354_25.png,1
im_47_25.png,1
im_340_25.png,1
im_210_25.png,1
im_56_25.png,1
im_165_25.png,1
im_409_25.png,1
im_11_25.png,1
im_260_25.png,1
im_380_25.png,1
im_37_25.png,1
im_289_25.png,1
im_420_25.png,1
im_72_25.png,1
im_45_25.png,1
im_352_25.png,1
im_270_25.png,1
im_93_25.png,1
im_290_25.png,1
im_330_25.png,1
im_349_25.png,1
im_118_25.png,1
im_254_25.png,1
im_411_25.png,1
im_309_25.png,1
im_353_25.png,1
im_106_25.png,1
im_240_25.png,1
im_22_25.png,1
im_346_25.png,1
im_151_25.png,1
im_115_25.png,1
im_94_25.png,1
im_84_25.png,1
im_214_25.png,1
im_389_25.png,1
im_317_25.png,1
im_268_25.png,1
im_98_25.png,1
im_267_25.png,1
im_59_25.png,1
im_249_25.png,1
im_131_25.png,1
im_149_25.png,1
im_3_25.png,1
im_16_25.png,1
im_233_25.png,1
im_184_25.png,1
im_351_25.png,1
im_396_25.png,1
im_129_25.png,1
im_281_25.png,1
im_304_25.png,1
im_400_25.png,1
im_238_25.png,1
im_78_25.png,1
im_405_25.png,1
im_143_25.png,1
im_148_25.png,1
im_247_25.png,1
im_440_25.png,1
im_299_25.png,1
im_97_25.png,1
im_173_25.png,1
im_147_25.png,1
im_239_25.png,1
im_198_25.png,1
im_102_25.png,1
im_306_25.png,1
im_363_25.png,1
im_439_25.png,1
im_67_25.png,1
im_416_25.png,1
im_30_25.png,1
im_298_25.png,1
im_425_25.png,1
im_224_25.png,1
im_329_25.png,1
im_65_25.png,1
im_345_25.png,1
im_257_25.png,1
im_9_25.png,1
im_343_25.png,1
im_12_25.png,1
im_146_25.png,1
im_301_25.png,1
im_217_25.png,1
im_291_25.png,1
im_402_25.png,1
im_26_25.png,1
im_197_25.png,1
im_99_25.png,1
im_293_25.png,1
im_227_25.png,1
im_167_25.png,1
im_49_25.png,1
im_366_25.png,1
im_17_25.png,1
im_166_25.png,1
im_432_25.png,1
im_96_25.png,1
im_322_25.png,1
im_70_25.png,1
im_320_25.png,1
im_35_25.png,1
im_376_25.png,1
im_225_25.png,1
im_136_25.png,1
im_180_25.png,1
im_185_25.png,1
im_62_25.png,1
im_108_25.png,1
im_265_25.png,1
im_28_25.png,1
im_113_25.png,1
im_219_25.png,1
im_100_25.png,1
im_76_25.png,1
im_23_25.png,1
im_77_25.png,1
im_61_25.png,1
im_211_25.png,1
im_83_25.png,1
im_248_25.png,1
im_336_25.png,1
im_335_25.png,1
im_220_25.png,1
im_110_25.png,1
im_243_25.png,1
im_41_25.png,1
im_6_25.png,1
im_160_25.png,1
im_55_25.png,1
im_303_25.png,1
im_43_25.png,1
im_231_25.png,1
im_297_25.png,1
im_157_25.png,1
im_315_25.png,1
im_107_25.png,1
im_105_25.png,1
im_406_25.png,1
im_116_25.png,1
im_44_25.png,1
im_183_25.png,1
im_202_25.png,1
im_75_25.png,1
im_163_25.png,1
im_319_25.png,1
im_135_25.png,1
im_246_25.png,1
im_361_25.png,1
im_266_25.png,1
im_52_25.png,1
im_63_25.png,1
im_282_25.png,1
im_229_25.png,1
im_187_25.png,1
im_283_25.png,1
im_327_25.png,1
im_152_25.png,1
im_88_25.png,1
im_122_25.png,1
im_121_25.png,1
im_90_25.png,1
im_14_25.png,1
im_120_25.png,1
im_235_25.png,1
im_256_25.png,1
im_339_25.png,1
im_310_25.png,1
im_357_25.png,1
im_109_25.png,1
im_429_25.png,1
im_64_25.png,1
im_87_25.png,1
im_206_25.png,1
im_371_25.png,1
im_15_25.png,1
im_241_25.png,1
im_344_25.png,1
im_408_25.png,1
im_92_25.png,1
im_294_25.png,1
im_245_25.png,1
im_201_25.png,1
im_53_25.png,1
im_32_25.png,1
im_242_25.png,1
im_232_25.png,1
im_264_25.png,1
im_162_25.png,1
im_258_25.png,1
im_325_25.png,1
im_271_25.png,1
im_312_25.png,1
im_370_25.png,1
im_191_25.png,1
im_418_25.png,1
im_350_25.png,1
im_159_25.png,1
im_25_25.png,1
im_124_25.png,1
im_111_25.png,1
im_192_25.png,1
im_296_25.png,1
im_236_25.png,1
im_158_25.png,1
im_95_25.png,1
im_383_25.png,1
im_347_25.png,1
im_205_25.png,1
im_207_25.png,1
im_272_25.png,1
im_228_25.png,1
im_39_25.png,1
im_71_25.png,1
im_384_25.png,1
im_181_25.png,1
im_252_25.png,1
im_51_25.png,1
im_213_25.png,1
im_314_25.png,1
im_433_25.png,1
im_386_25.png,1
im_313_25.png,1
im_81_25.png,1
im_209_25.png,1
im_403_25.png,1
im_288_25.png,1
im_68_25.png,1
im_262_25.png,1
im_441_25.png,1
im_19_25.png,1
im_126_25.png,1
im_172_25.png,1
im_161_25.png,1
im_1_25.png,1
im_130_25.png,1
im_79_25.png,1
im_275_25.png,1
im_4_25.png,1
im_426_25.png,1
im_218_25.png,1
im_134_25.png,1
im_401_25.png,1
im_18_25.png,1
im_2_25.png,1
im_300_25.png,1
im_263_25.png,1
im_424_25.png,1
im_29_25.png,1
im_127_25.png,1
im_394_25.png,1
im_259_25.png,1
im_308_25.png,1
im_237_25.png,1
im_34_25.png,1
im_230_25.png,1
im_208_25.png,1
im_144_25.png,1
im_137_25.png,1
im_85_25.png,1
im_397_25.png,1
im_434_25.png,1
im_164_25.png,1
im_413_25.png,1
im_169_25.png,1
im_73_25.png,1
im_387_25.png,1
im_358_25.png,1
im_221_25.png,1
im_178_25.png,1
im_305_25.png,1
im_393_25.png,1
im_103_25.png,1
im_331_25.png,1
im_234_25.png,1
im_437_25.png,1
im_292_25.png,1
im_436_25.png,1
im_277_25.png,1
im_360_25.png,1
im_255_25.png,1
im_200_25.png,1
im_381_25.png,1
im_356_25.png,1
im_379_25.png,1
im_430_25.png,1
im_348_25.png,1
im_364_25.png,1
im_423_25.png,1
im_101_25.png,1
im_114_25.png,1
im_302_25.png,1
im_421_25.png,1
im_323_25.png,1
im_412_25.png,1
im_362_25.png,1
im_66_25.png,1
im_342_25.png,1
im_280_25.png,1
im_203_25.png,1
im_372_25.png,1
im_369_25.png,1
im_337_25.png,1
im_399_25.png,1
im_250_25.png,1
im_212_25.png,1
im_177_25.png,1
im_414_25.png,1
im_186_25.png,1
im_295_25.png,1
im_341_25.png,1
im_438_25.png,1
im_382_25.png,1
im_132_25.png,1
im_422_25.png,1
im_355_25.png,1
im_338_25.png,1
im_326_25.png,1
im_91_25.png,1
im_216_25.png,1
im_415_25.png,1
im_5_25.png,1
im_10_25.png,1
im_13_25.png,1
im_40_25.png,1
im_0_25.png,1
im_307_25.png,1
im_226_25.png,1
im_204_25.png,1
im_311_25.png,1
im_334_25.png,1
im_176_25.png,1
im_21_25.png,1
im_407_25.png,1
im_244_25.png,1
im_195_25.png,1
im_170_25.png,1
im_287_25.png,1
im_328_25.png,1
im_316_25.png,1
im_398_25.png,1
im_223_25.png,1
im_332_25.png,1
im_427_25.png,1
im_123_25.png,1
im_276_25.png,1
im_156_25.png,1
im_117_25.png,1
im_278_25.png,1
im_58_25.png,1
im_404_25.png,1
im_20_25.png,1
im_138_25.png,1
im_388_25.png,1
im_392_25.png,1
im_74_25.png,1
im_286_25.png,1
im_174_25.png,1
im_31_25.png,1
im_390_25.png,1
im_48_25.png,1
im_324_25.png,1
im_80_25.png,1
im_8_25.png,1
im_133_25.png,1
im_368_25.png,1
im_321_25.png,1
im_125_25.png,1
im_391_25.png,1
im_373_25.png,1
im_155_25.png,1
im_171_25.png,1
im_284_25.png,1
im_274_25.png,1
im_154_25.png,1
im_179_25.png,1
im_128_25.png,1
im_86_25.png,1
im_199_25.png,1
im_50_25.png,1
im_215_25.png,1
im_273_25.png,1
im_54_25.png,1
im_57_25.png,1
im_222_25.png,1
im_153_25.png,1
im_359_25.png,1
im_367_25.png,1
im_269_25.png,1
im_417_25.png,1
im_150_25.png,1
im_279_25.png,1
im_385_25.png,1
im_189_25.png,1
im_119_25.png,1
im_27_25.png,1
im_435_25.png,1
im_261_25.png,1
im_251_25.png,1
im_38_25.png,1
im_428_25.png,1
im_7_25.png,1
im_365_25.png,1
im_33_25.png,1
im_374_25.png,1
im_395_25.png,1
im_141_25.png,1
im_431_25.png,1
im_182_25.png,1
im_24_25.png,1
im_377_25.png,1
im_375_25.png,1
im_410_25.png,1
im_253_25.png,1
im_196_25.png,1
im_175_29.png,1
im_57_29.png,1
im_30_29.png,1
im_94_29.png,1
im_109_29.png,1
im_334_29.png,1
im_10_29.png,1
im_5_29.png,1
im_278_29.png,1
im_172_29.png,1
im_242_29.png,1
im_259_29.png,1
im_299_29.png,1
im_162_29.png,1
im_110_29.png,1
im_28_29.png,1
im_325_29.png,1
im_69_29.png,1
im_212_29.png,1
im_236_29.png,1
im_143_29.png,1
im_252_29.png,1
im_305_29.png,1
im_222_29.png,1
im_177_29.png,1
im_159_29.png,1
im_250_29.png,1
im_266_29.png,1
im_14_29.png,1
im_62_29.png,1
im_123_29.png,1
im_95_29.png,1
im_24_29.png,1
im_125_29.png,1
im_183_29.png,1
im_317_29.png,1
im_156_29.png,1
im_193_29.png,1
im_20_29.png,1
im_168_29.png,1
im_121_29.png,1
im_209_29.png,1
im_279_29.png,1
im_241_29.png,1
im_165_29.png,1
im_258_29.png,1
im_73_29.png,1
im_184_29.png,1
im_287_29.png,1
im_99_29.png,1
im_17_29.png,1
im_237_29.png,1
im_107_29.png,1
im_96_29.png,1
im_21_29.png,1
im_297_29.png,1
im_23_29.png,1
im_201_29.png,1
im_167_29.png,1
im_263_29.png,1
im_324_29.png,1
im_61_29.png,1
im_105_29.png,1
im_321_29.png,1
im_60_29.png,1
im_186_29.png,1
im_192_29.png,1
im_169_29.png,1
im_181_29.png,1
im_335_29.png,1
im_108_29.png,1
im_301_29.png,1
im_316_29.png,1
im_103_29.png,1
im_82_29.png,1
im_80_29.png,1
im_225_29.png,1
im_117_29.png,1
im_118_29.png,1
im_264_29.png,1
im_229_29.png,1
im_254_29.png,1
im_293_29.png,1
im_318_29.png,1
im_78_29.png,1
im_216_29.png,1
im_303_29.png,1
im_132_29.png,1
im_311_29.png,1
im_48_29.png,1
im_79_29.png,1
im_157_29.png,1
im_294_29.png,1
im_329_29.png,1
im_46_29.png,1
im_206_29.png,1
im_8_29.png,1
im_16_29.png,1
im_13_29.png,1
im_268_29.png,1
im_104_29.png,1
im_187_29.png,1
im_55_29.png,1
im_112_29.png,1
im_281_29.png,1
im_146_29.png,1
im_50_29.png,1
im_224_29.png,1
im_307_29.png,1
im_49_29.png,1
im_284_29.png,1
im_238_29.png,1
im_37_29.png,1
im_0_29.png,1
im_315_29.png,1
im_71_29.png,1
im_77_29.png,1
im_128_29.png,1
im_188_29.png,1
im_6_29.png,1
im_33_29.png,1
im_139_29.png,1
im_89_29.png,1
im_235_29.png,1
im_106_29.png,1
im_53_29.png,1
im_129_29.png,1
im_56_29.png,1
im_67_29.png,1
im_9_29.png,1
im_170_29.png,1
im_260_29.png,1
im_120_29.png,1
im_36_29.png,1
im_291_29.png,1
im_289_29.png,1
im_300_29.png,1
im_164_29.png,1
im_93_29.png,1
im_306_29.png,1
im_332_29.png,1
im_25_29.png,1
im_126_29.png,1
im_257_29.png,1
im_323_29.png,1
im_282_29.png,1
im_136_29.png,1
im_63_29.png,1
im_215_29.png,1
im_285_29.png,1
im_247_29.png,1
im_255_29.png,1
im_249_29.png,1
im_158_29.png,1
im_140_29.png,1
im_91_29.png,1
im_32_29.png,1
im_124_29.png,1
im_200_29.png,1
im_2_29.png,1
im_45_29.png,1
im_326_29.png,1
im_35_29.png,1
im_72_29.png,1
im_27_29.png,1
im_322_29.png,1
im_54_29.png,1
im_272_29.png,1
im_304_29.png,1
im_228_29.png,1
im_239_29.png,1
im_34_29.png,1
im_313_29.png,1
im_40_29.png,1
im_182_29.png,1
im_65_29.png,1
im_3_29.png,1
im_64_29.png,1
im_138_29.png,1
im_273_29.png,1
im_43_29.png,1
im_86_29.png,1
im_286_29.png,1
im_83_29.png,1
im_12_29.png,1
im_149_29.png,1
im_131_29.png,1
im_148_29.png,1
im_218_29.png,1
im_227_29.png,1
im_271_29.png,1
im_194_29.png,1
im_90_29.png,1
im_174_29.png,1
im_202_29.png,1
im_243_29.png,1
im_290_29.png,1
im_22_29.png,1
im_309_29.png,1
im_153_29.png,1
im_283_29.png,1
im_245_29.png,1
im_154_29.png,1
im_151_29.png,1
im_331_29.png,1
im_11_29.png,1
im_248_29.png,1
im_180_29.png,1
im_207_29.png,1
im_155_29.png,1
im_70_29.png,1
im_275_29.png,1
im_115_29.png,1
im_219_29.png,1
im_310_29.png,1
im_92_29.png,1
im_327_29.png,1
im_176_29.png,1
im_160_29.png,1
im_211_29.png,1
im_320_29.png,1
im_302_29.png,1
im_269_29.png,1
im_114_29.png,1
im_312_29.png,1
im_163_29.png,1
im_196_29.png,1
im_52_29.png,1
im_75_29.png,1
im_199_29.png,1
im_226_29.png,1
im_330_29.png,1
im_251_29.png,1
im_292_29.png,1
im_296_29.png,1
im_4_29.png,1
im_230_29.png,1
im_231_29.png,1
im_137_29.png,1
im_262_29.png,1
im_119_29.png,1
im_220_29.png,1
im_234_29.png,1
im_141_29.png,1
im_98_29.png,1
im_185_29.png,1
im_173_29.png,1
im_276_29.png,1
im_26_29.png,1
im_328_29.png,1
im_280_29.png,1
im_135_29.png,1
im_197_29.png,1
im_189_29.png,1
im_336_29.png,1
im_116_29.png,1
im_161_29.png,1
im_51_29.png,1
im_191_29.png,1
im_240_29.png,1
im_205_29.png,1
im_152_29.png,1
im_134_29.png,1
im_267_29.png,1
im_295_29.png,1
im_223_29.png,1
im_84_29.png,1
im_130_29.png,1
im_133_29.png,1
im_198_29.png,1
im_18_29.png,1
im_270_29.png,1
im_88_29.png,1
im_214_29.png,1
im_203_29.png,1
im_29_29.png,1
im_38_29.png,1
im_142_29.png,1
im_333_29.png,1
im_39_29.png,1
im_66_29.png,1
im_265_29.png,1
im_233_29.png,1
im_85_29.png,1
im_101_29.png,1
im_81_29.png,1
im_144_29.png,1
im_213_29.png,1
im_74_29.png,1
im_244_29.png,1
im_97_29.png,1
im_208_29.png,1
im_147_29.png,1
im_204_29.png,1
im_58_29.png,1
im_87_29.png,1
im_102_29.png,1
im_277_29.png,1
im_145_29.png,1
im_42_29.png,1
im_232_29.png,1
im_68_29.png,1
im_288_29.png,1
im_190_29.png,1
im_210_29.png,1
im_100_29.png,1
im_246_29.png,1
im_298_29.png,1
im_44_29.png,1
im_261_29.png,1
im_41_29.png,1
im_150_29.png,1
im_127_29.png,1
im_111_29.png,1
im_59_29.png,1
im_122_29.png,1
im_256_29.png,1
im_274_29.png,1
im_308_29.png,1
im_253_29.png,1
im_221_29.png,1
im_178_29.png,1
im_7_29.png,1
im_31_29.png,1
im_195_29.png,1
im_15_29.png,1
im_314_29.png,1
im_217_29.png,1
im_47_29.png,1
im_179_29.png,1
im_166_29.png,1
im_113_29.png,1
im_171_29.png,1
im_319_29.png,1
im_19_29.png,1
im_76_29.png,1
im_1_29.png,1
im_152_31.png,0
im_247_31.png,0
im_18_31.png,0
im_112_31.png,0
im_58_31.png,0
im_282_31.png,0
im_190_31.png,0
im_131_31.png,0
im_56_31.png,0
im_161_31.png,0
im_206_31.png,0
im_285_31.png,0
im_120_31.png,0
im_283_31.png,0
im_196_31.png,0
im_153_31.png,0
im_141_31.png,0
im_243_31.png,0
im_135_31.png,0
im_132_31.png,0
im_29_31.png,0
im_63_31.png,0
im_151_31.png,0
im_232_31.png,0
im_177_31.png,0
im_52_31.png,0
im_197_31.png,0
im_199_31.png,0
im_167_31.png,0
im_60_31.png,0
im_272_31.png,0
im_90_31.png,0
im_48_31.png,0
im_266_31.png,0
im_130_31.png,0
im_210_31.png,0
im_94_31.png,0
im_286_31.png,0
im_136_31.png,0
im_275_31.png,0
im_59_31.png,0
im_148_31.png,0
im_284_31.png,0
im_12_31.png,0
im_171_31.png,0
im_170_31.png,0
im_134_31.png,0
im_51_31.png,0
im_178_31.png,0
im_65_31.png,0
im_218_31.png,0
im_191_31.png,0
im_279_31.png,0
im_110_31.png,0
im_236_31.png,0
im_176_31.png,0
im_42_31.png,0
im_0_31.png,0
im_188_31.png,0
im_54_31.png,0
im_263_31.png,0
im_39_31.png,0
im_74_31.png,0
im_214_31.png,0
im_204_31.png,0
im_221_31.png,0
im_98_31.png,0
im_119_31.png,0
im_72_31.png,0
im_202_31.png,0
im_142_31.png,0
im_149_31.png,0
im_241_31.png,0
im_207_31.png,0
im_82_31.png,0
im_86_31.png,0
im_103_31.png,0
im_233_31.png,0
im_255_31.png,0
im_168_31.png,0
im_62_31.png,0
im_117_31.png,0
im_35_31.png,0
im_125_31.png,0
im_101_31.png,0
im_187_31.png,0
im_73_31.png,0
im_242_31.png,0
im_67_31.png,0
im_108_31.png,0
im_21_31.png,0
im_71_31.png,0
im_27_31.png,0
im_78_31.png,0
im_4_31.png,0
im_227_31.png,0
im_257_31.png,0
im_147_31.png,0
im_9_31.png,0
im_270_31.png,0
im_97_31.png,0
im_212_31.png,0
im_88_31.png,0
im_68_31.png,0
im_244_31.png,0
im_281_31.png,0
im_245_31.png,0
im_260_31.png,0
im_140_31.png,0
im_17_31.png,0
im_271_31.png,0
im_37_31.png,0
im_20_31.png,0
im_25_31.png,0
im_172_31.png,0
im_248_31.png,0
im_19_31.png,0
im_49_31.png,0
im_234_31.png,0
im_159_31.png,0
im_128_31.png,0
im_11_31.png,0
im_276_31.png,0
im_85_31.png,0
im_193_31.png,0
im_192_31.png,0
im_186_31.png,0
im_107_31.png,0
im_145_31.png,0
im_34_31.png,0
im_15_31.png,0
im_254_31.png,0
im_66_31.png,0
im_157_31.png,0
im_249_31.png,0
im_274_31.png,0
im_33_31.png,0
im_64_31.png,0
im_122_31.png,0
im_45_31.png,0
im_189_31.png,0
im_252_31.png,0
im_70_31.png,0
im_155_31.png,0
im_106_31.png,0
im_144_31.png,0
im_6_31.png,0
im_268_31.png,0
im_143_31.png,0
im_230_31.png,0
im_121_31.png,0
im_31_31.png,0
im_229_31.png,0
im_195_31.png,0
im_150_31.png,0
im_8_31.png,0
im_24_31.png,0
im_262_31.png,0
im_166_31.png,0
im_209_31.png,0
im_114_31.png,0
im_43_31.png,0
im_267_31.png,0
im_223_31.png,0
im_251_31.png,0
im_138_31.png,0
im_123_31.png,0
im_173_31.png,0
im_205_31.png,0
im_137_31.png,0
im_5_31.png,0
im_165_31.png,0
im_208_31.png,0
im_164_31.png,0
im_225_31.png,0
im_83_31.png,0
im_231_31.png,0
im_91_31.png,0
im_13_31.png,0
im_259_31.png,0
im_181_31.png,0
im_79_31.png,0
im_146_31.png,0
im_102_31.png,0
im_61_31.png,0
im_256_31.png,0
im_215_31.png,0
im_50_31.png,0
im_183_31.png,0
im_228_31.png,0
im_239_31.png,0
im_118_31.png,0
im_1_31.png,0
im_53_31.png,0
im_32_31.png,0
im_273_31.png,0
im_182_31.png,0
im_3_31.png,0
im_238_31.png,0
im_89_31.png,0
im_160_31.png,0
im_40_31.png,0
im_14_31.png,0
im_92_31.png,0
im_111_31.png,0
im_46_31.png,0
im_124_31.png,0
im_113_31.png,0
im_77_31.png,0
im_139_31.png,0
im_269_31.png,0
im_203_31.png,0
im_26_31.png,0
im_224_31.png,0
im_23_31.png,0
im_154_31.png,0
im_194_31.png,0
im_133_31.png,0
im_185_31.png,0
im_104_31.png,0
im_219_31.png,0
im_175_31.png,0
im_87_31.png,0
im_226_31.png,0
im_69_31.png,0
im_7_31.png,0
im_115_31.png,0
im_280_31.png,0
im_22_31.png,0
im_253_31.png,0
im_126_31.png,0
im_75_31.png,0
im_258_31.png,0
im_109_31.png,0
im_16_31.png,0
im_216_31.png,0
im_200_31.png,0
im_105_31.png,0
im_80_31.png,0
im_198_31.png,0
im_265_31.png,0
im_261_31.png,0
im_174_31.png,0
im_44_31.png,0
im_10_31.png,0
im_2_31.png,0
im_41_31.png,0
im_47_31.png,0
im_95_31.png,0
im_30_31.png,0
im_235_31.png,0
im_220_31.png,0
im_158_31.png,0
im_169_31.png,0
im_127_31.png,0
im_84_31.png,0
im_129_31.png,0
im_76_31.png,0
im_278_31.png,0
im_100_31.png,0
im_217_31.png,0
im_264_31.png,0
im_99_31.png,0
im_240_31.png,0
im_36_31.png,0
im_250_31.png,0
im_184_31.png,0
im_213_31.png,0
im_201_31.png,0
im_179_31.png,0
im_211_31.png,0
im_277_31.png,0
im_57_31.png,0
im_38_31.png,0
im_156_31.png,0
im_162_31.png,0
im_93_31.png,0
im_96_31.png,0
im_81_31.png,0
im_116_31.png,0
im_55_31.png,0
im_163_31.png,0
im_246_31.png,0
im_28_31.png,0
im_180_31.png,0
im_237_31.png,0
im_222_31.png,0
im_183_34.png,1
im_170_34.png,1
im_145_34.png,1
im_7_34.png,1
im_189_34.png,1
im_224_34.png,1
im_194_34.png,1
im_220_34.png,1
im_234_34.png,1
im_123_34.png,1
im_40_34.png,1
im_165_34.png,1
im_20_34.png,1
im_214_34.png,1
im_57_34.png,1
im_206_34.png,1
im_144_34.png,1
im_42_34.png,1
im_124_34.png,1
im_232_34.png,1
im_121_34.png,1
im_15_34.png,1
im_233_34.png,1
im_111_34.png,1
im_223_34.png,1
im_25_34.png,1
im_129_34.png,1
im_210_34.png,1
im_67_34.png,1
im_135_34.png,1
im_113_34.png,1
im_8_34.png,1
im_104_34.png,1
im_106_34.png,1
im_179_34.png,1
im_96_34.png,1
im_118_34.png,1
im_180_34.png,1
im_137_34.png,1
im_108_34.png,1
im_229_34.png,1
im_191_34.png,1
im_29_34.png,1
im_190_34.png,1
im_13_34.png,1
im_207_34.png,1
im_50_34.png,1
im_107_34.png,1
im_34_34.png,1
im_171_34.png,1
im_198_34.png,1
im_163_34.png,1
im_85_34.png,1
im_64_34.png,1
im_208_34.png,1
im_23_34.png,1
im_142_34.png,1
im_78_34.png,1
im_110_34.png,1
im_83_34.png,1
im_153_34.png,1
im_177_34.png,1
im_102_34.png,1
im_197_34.png,1
im_97_34.png,1
im_175_34.png,1
im_140_34.png,1
im_126_34.png,1
im_24_34.png,1
im_82_34.png,1
im_41_34.png,1
im_5_34.png,1
im_161_34.png,1
im_115_34.png,1
im_3_34.png,1
im_93_34.png,1
im_35_34.png,1
im_122_34.png,1
im_71_34.png,1
im_149_34.png,1
im_60_34.png,1
im_147_34.png,1
im_119_34.png,1
im_204_34.png,1
im_127_34.png,1
im_49_34.png,1
im_193_34.png,1
im_150_34.png,1
im_236_34.png,1
im_61_34.png,1
im_38_34.png,1
im_84_34.png,1
im_44_34.png,1
im_176_34.png,1
im_76_34.png,1
im_117_34.png,1
im_70_34.png,1
im_62_34.png,1
im_99_34.png,1
im_186_34.png,1
im_69_34.png,1
im_167_34.png,1
im_2_34.png,1
im_17_34.png,1
im_46_34.png,1
im_16_34.png,1
im_154_34.png,1
im_68_34.png,1
im_19_34.png,1
im_178_34.png,1
im_217_34.png,1
im_205_34.png,1
im_10_34.png,1
im_120_34.png,1
im_132_34.png,1
im_116_34.png,1
im_219_34.png,1
im_114_34.png,1
im_52_34.png,1
im_48_34.png,1
im_51_34.png,1
im_18_34.png,1
im_80_34.png,1
im_200_34.png,1
im_28_34.png,1
im_63_34.png,1
im_11_34.png,1
im_45_34.png,1
im_4_34.png,1
im_168_34.png,1
im_226_34.png,1
im_216_34.png,1
im_53_34.png,1
im_14_34.png,1
im_89_34.png,1
im_9_34.png,1
im_215_34.png,1
im_160_34.png,1
im_228_34.png,1
im_87_34.png,1
im_211_34.png,1
im_164_34.png,1
im_138_34.png,1
im_130_34.png,1
im_181_34.png,1
im_157_34.png,1
im_155_34.png,1
im_90_34.png,1
im_169_34.png,1
im_26_34.png,1
im_235_34.png,1
im_95_34.png,1
im_221_34.png,1
im_152_34.png,1
im_100_34.png,1
im_231_34.png,1
im_12_34.png,1
im_81_34.png,1
im_66_34.png,1
im_222_34.png,1
im_1_34.png,1
im_30_34.png,1
im_188_34.png,1
im_202_34.png,1
im_92_34.png,1
im_27_34.png,1
im_43_34.png,1
im_73_34.png,1
im_101_34.png,1
im_148_34.png,1
im_39_34.png,1
im_33_34.png,1
im_187_34.png,1
im_105_34.png,1
im_156_34.png,1
im_109_34.png,1
im_22_34.png,1
im_139_34.png,1
im_47_34.png,1
im_128_34.png,1
im_77_34.png,1
im_209_34.png,1
im_172_34.png,1
im_91_34.png,1
im_86_34.png,1
im_203_34.png,1
im_32_34.png,1
im_125_34.png,1
im_199_34.png,1
im_94_34.png,1
im_0_34.png,1
im_59_34.png,1
im_134_34.png,1
im_65_34.png,1
im_133_34.png,1
im_131_34.png,1
im_79_34.png,1
im_112_34.png,1
im_158_34.png,1
im_146_34.png,1
im_166_34.png,1
im_174_34.png,1
im_36_34.png,1
im_185_34.png,1
im_230_34.png,1
im_173_34.png,1
im_74_34.png,1
im_54_34.png,1
im_103_34.png,1
im_182_34.png,1
im_72_34.png,1
im_151_34.png,1
im_21_34.png,1
im_184_34.png,1
im_162_34.png,1
im_56_34.png,1
im_218_34.png,1
im_37_34.png,1
im_6_34.png,1
im_98_34.png,1
im_143_34.png,1
im_58_34.png,1
im_212_34.png,1
im_201_34.png,1
im_75_34.png,1
im_196_34.png,1
im_55_34.png,1
im_88_34.png,1
im_227_34.png,1
im_141_34.png,1
im_195_34.png,1
im_136_34.png,1
im_192_34.png,1
im_213_34.png,1
im_31_34.png,1
im_225_34.png,1
im_159_34.png,1
im_46_36.png,0
im_104_36.png,0
im_63_36.png,0
im_69_36.png,0
im_43_36.png,0
im_71_36.png,0
im_48_36.png,0
im_107_36.png,0
im_0_36.png,0
im_27_36.png,0
im_31_36.png,0
im_61_36.png,0
im_83_36.png,0
im_36_36.png,0
im_76_36.png,0
im_89_36.png,0
im_6_36.png,0
im_11_36.png,0
im_38_36.png,0
im_26_36.png,0
im_95_36.png,0
im_51_36.png,0
im_55_36.png,0
im_54_36.png,0
im_102_36.png,0
im_33_36.png,0
im_19_36.png,0
im_35_36.png,0
im_90_36.png,0
im_80_36.png,0
im_4_36.png,0
im_44_36.png,0
im_100_36.png,0
im_97_36.png,0
im_78_36.png,0
im_57_36.png,0
im_53_36.png,0
im_98_36.png,0
im_70_36.png,0
im_13_36.png,0
im_59_36.png,0
im_29_36.png,0
im_64_36.png,0
im_73_36.png,0
im_85_36.png,0
im_112_36.png,0
im_65_36.png,0
im_17_36.png,0
im_58_36.png,0
im_34_36.png,0
im_25_36.png,0
im_30_36.png,0
im_105_36.png,0
im_68_36.png,0
im_1_36.png,0
im_74_36.png,0
im_106_36.png,0
im_82_36.png,0
im_7_36.png,0
im_49_36.png,0
im_39_36.png,0
im_87_36.png,0
im_2_36.png,0
im_77_36.png,0
im_79_36.png,0
im_32_36.png,0
im_113_36.png,0
im_103_36.png,0
im_8_36.png,0
im_16_36.png,0
im_115_36.png,0
im_5_36.png,0
im_22_36.png,0
im_91_36.png,0
im_28_36.png,0
im_66_36.png,0
im_94_36.png,0
im_99_36.png,0
im_96_36.png,0
im_3_36.png,0
im_41_36.png,0
im_72_36.png,0
im_15_36.png,0
im_116_36.png,0
im_75_36.png,0
im_23_36.png,0
im_101_36.png,0
im_93_36.png,0
im_86_36.png,0
im_47_36.png,0
im_50_36.png,0
im_108_36.png,0
im_109_36.png,0
im_37_36.png,0
im_9_36.png,0
im_81_36.png,0
im_56_36.png,0
im_111_36.png,0
im_62_36.png,0
im_45_36.png,0
im_110_36.png,0
im_92_36.png,0
im_42_36.png,0
im_84_36.png,0
im_20_36.png,0
im_60_36.png,0
im_10_36.png,0
im_12_36.png,0
im_24_36.png,0
im_21_36.png,0
im_88_36.png,0
im_67_36.png,0
im_18_36.png,0
im_14_36.png,0
im_40_36.png,0
im_114_36.png,0
im_52_36.png,0
im_81_40.png,1
im_205_40.png,1
im_180_40.png,1
im_230_40.png,1
im_249_40.png,1
im_262_40.png,1
im_3_40.png,1
im_76_40.png,1
im_13_40.png,1
im_256_40.png,1
im_166_40.png,1
im_47_40.png,1
im_115_40.png,1
im_182_40.png,1
im_29_40.png,1
im_297_40.png,1
im_238_40.png,1
im_312_40.png,1
im_117_40.png,1
im_234_40.png,1
im_218_40.png,1
im_278_40.png,1
im_133_40.png,1
im_211_40.png,1
im_314_40.png,1
im_365_40.png,1
im_144_40.png,1
im_0_40.png,1
im_82_40.png,1
im_136_40.png,1
im_360_40.png,1
im_331_40.png,1
im_355_40.png,1
im_215_40.png,1
im_214_40.png,1
im_77_40.png,1
im_121_40.png,1
im_276_40.png,1
im_334_40.png,1
im_219_40.png,1
im_134_40.png,1
im_328_40.png,1
im_139_40.png,1
im_313_40.png,1
im_95_40.png,1
im_156_40.png,1
im_8_40.png,1
im_201_40.png,1
im_287_40.png,1
im_258_40.png,1
im_191_40.png,1
im_187_40.png,1
im_172_40.png,1
im_367_40.png,1
im_18_40.png,1
im_173_40.png,1
im_64_40.png,1
im_224_40.png,1
im_27_40.png,1
im_189_40.png,1
im_55_40.png,1
im_202_40.png,1
im_32_40.png,1
im_106_40.png,1
im_261_40.png,1
im_283_40.png,1
im_6_40.png,1
im_267_40.png,1
im_62_40.png,1
im_364_40.png,1
im_338_40.png,1
im_46_40.png,1
im_161_40.png,1
im_138_40.png,1
im_92_40.png,1
im_233_40.png,1
im_232_40.png,1
im_239_40.png,1
im_153_40.png,1
im_157_40.png,1
im_116_40.png,1
im_36_40.png,1
im_248_40.png,1
im_236_40.png,1
im_125_40.png,1
im_275_40.png,1
im_208_40.png,1
im_20_40.png,1
im_190_40.png,1
im_160_40.png,1
im_353_40.png,1
im_302_40.png,1
im_321_40.png,1
im_150_40.png,1
im_128_40.png,1
im_146_40.png,1
im_210_40.png,1
im_72_40.png,1
im_280_40.png,1
im_132_40.png,1
im_56_40.png,1
im_175_40.png,1
im_362_40.png,1
im_84_40.png,1
im_59_40.png,1
im_151_40.png,1
im_204_40.png,1
im_143_40.png,1
im_40_40.png,1
im_135_40.png,1
im_254_40.png,1
im_118_40.png,1
im_281_40.png,1
im_343_40.png,1
im_41_40.png,1
im_335_40.png,1
im_65_40.png,1
im_80_40.png,1
im_346_40.png,1
im_91_40.png,1
im_358_40.png,1
im_245_40.png,1
im_263_40.png,1
im_318_40.png,1
im_253_40.png,1
im_363_40.png,1
im_17_40.png,1
im_259_40.png,1
im_181_40.png,1
im_271_40.png,1
im_307_40.png,1
im_272_40.png,1
im_244_40.png,1
im_295_40.png,1
im_129_40.png,1
im_349_40.png,1
im_113_40.png,1
im_130_40.png,1
im_114_40.png,1
im_7_40.png,1
im_107_40.png,1
im_148_40.png,1
im_183_40.png,1
im_52_40.png,1
im_285_40.png,1
im_75_40.png,1
im_329_40.png,1
im_268_40.png,1
im_304_40.png,1
im_112_40.png,1
im_169_40.png,1
im_31_40.png,1
im_246_40.png,1
im_332_40.png,1
im_165_40.png,1
im_30_40.png,1
im_73_40.png,1
im_310_40.png,1
im_213_40.png,1
im_163_40.png,1
im_43_40.png,1
im_339_40.png,1
im_168_40.png,1
im_71_40.png,1
im_25_40.png,1
im_2_40.png,1
im_345_40.png,1
im_109_40.png,1
im_140_40.png,1
im_206_40.png,1
im_61_40.png,1
im_79_40.png,1
im_352_40.png,1
im_22_40.png,1
im_108_40.png,1
im_45_40.png,1
im_101_40.png,1
im_48_40.png,1
im_154_40.png,1
im_308_40.png,1
im_282_40.png,1
im_159_40.png,1
im_188_40.png,1
im_198_40.png,1
im_126_40.png,1
im_225_40.png,1
im_273_40.png,1
im_301_40.png,1
im_305_40.png,1
im_111_40.png,1
im_96_40.png,1
im_16_40.png,1
im_195_40.png,1
im_250_40.png,1
im_299_40.png,1
im_242_40.png,1
im_83_40.png,1
im_247_40.png,1
im_103_40.png,1
im_33_40.png,1
im_5_40.png,1
im_293_40.png,1
im_303_40.png,1
im_229_40.png,1
im_252_40.png,1
im_257_40.png,1
im_223_40.png,1
im_179_40.png,1
im_184_40.png,1
im_309_40.png,1
im_341_40.png,1
im_240_40.png,1
im_4_40.png,1
im_57_40.png,1
im_269_40.png,1
im_68_40.png,1
im_155_40.png,1
im_149_40.png,1
im_167_40.png,1
im_292_40.png,1
im_270_40.png,1
im_356_40.png,1
im_342_40.png,1
im_178_40.png,1
im_366_40.png,1
im_196_40.png,1
im_226_40.png,1
im_209_40.png,1
im_327_40.png,1
im_24_40.png,1
im_67_40.png,1
im_194_40.png,1
im_255_40.png,1
im_53_40.png,1
im_231_40.png,1
im_142_40.png,1
im_171_40.png,1
im_44_40.png,1
im_277_40.png,1
im_300_40.png,1
im_220_40.png,1
im_89_40.png,1
im_274_40.png,1
im_131_40.png,1
im_251_40.png,1
im_21_40.png,1
im_320_40.png,1
im_66_40.png,1
im_51_40.png,1
im_70_40.png,1
im_152_40.png,1
im_122_40.png,1
im_286_40.png,1
im_207_40.png,1
im_104_40.png,1
im_86_40.png,1
im_217_40.png,1
im_192_40.png,1
im_74_40.png,1
im_216_40.png,1
im_197_40.png,1
im_311_40.png,1
im_237_40.png,1
im_49_40.png,1
im_85_40.png,1
im_322_40.png,1
im_164_40.png,1
im_10_40.png,1
im_26_40.png,1
im_162_40.png,1
im_330_40.png,1
im_315_40.png,1
im_50_40.png,1
im_294_40.png,1
im_317_40.png,1
im_243_40.png,1
im_14_40.png,1
im_361_40.png,1
im_193_40.png,1
im_98_40.png,1
im_319_40.png,1
im_336_40.png,1
im_266_40.png,1
im_222_40.png,1
im_120_40.png,1
im_298_40.png,1
im_60_40.png,1
im_289_40.png,1
im_93_40.png,1
im_325_40.png,1
im_141_40.png,1
im_264_40.png,1
im_123_40.png,1
im_326_40.png,1
im_288_40.png,1
im_54_40.png,1
im_11_40.png,1
im_348_40.png,1
im_359_40.png,1
im_347_40.png,1
im_357_40.png,1
im_105_40.png,1
im_90_40.png,1
im_221_40.png,1
im_174_40.png,1
im_176_40.png,1
im_350_40.png,1
im_127_40.png,1
im_284_40.png,1
im_227_40.png,1
im_170_40.png,1
im_78_40.png,1
im_200_40.png,1
im_212_40.png,1
im_58_40.png,1
im_228_40.png,1
im_306_40.png,1
im_19_40.png,1
im_15_40.png,1
im_158_40.png,1
im_100_40.png,1
im_177_40.png,1
im_290_40.png,1
im_99_40.png,1
im_337_40.png,1
im_87_40.png,1
im_147_40.png,1
im_37_40.png,1
im_241_40.png,1
im_368_40.png,1
im_88_40.png,1
im_137_40.png,1
im_110_40.png,1
im_316_40.png,1
im_124_40.png,1
im_35_40.png,1
im_186_40.png,1
im_97_40.png,1
im_344_40.png,1
im_42_40.png,1
im_102_40.png,1
im_69_40.png,1
im_12_40.png,1
im_279_40.png,1
im_119_40.png,1
im_9_40.png,1
im_291_40.png,1
im_351_40.png,1
im_94_40.png,1
im_39_40.png,1
im_296_40.png,1
im_354_40.png,1
im_333_40.png,1
im_203_40.png,1
im_34_40.png,1
im_324_40.png,1
im_323_40.png,1
im_260_40.png,1
im_265_40.png,1
im_23_40.png,1
im_235_40.png,1
im_28_40.png,1
im_340_40.png,1
im_63_40.png,1
im_1_40.png,1
im_145_40.png,1
im_38_40.png,1
im_199_40.png,1
im_185_40.png,1
im_22_41.png,0
im_11_41.png,0
im_8_41.png,0
im_0_41.png,0
im_3_41.png,0
im_23_41.png,0
im_14_41.png,0
im_10_41.png,0
im_15_41.png,0
im_20_41.png,0
im_1_41.png,0
im_7_41.png,0
im_4_41.png,0
im_26_41.png,0
im_24_41.png,0
im_5_41.png,0
im_18_41.png,0
im_12_41.png,0
im_21_41.png,0
im_6_41.png,0
im_19_41.png,0
im_17_41.png,0
im_13_41.png,0
im_25_41.png,0
im_2_41.png,0
im_16_41.png,0
im_9_41.png,0
im_282_42.png,1
im_32_42.png,1
im_209_42.png,1
im_64_42.png,1
im_215_42.png,1
im_29_42.png,1
im_285_42.png,1
im_204_42.png,1
im_9_42.png,1
im_187_42.png,1
im_220_42.png,1
im_202_42.png,1
im_272_42.png,1
im_294_42.png,1
im_127_42.png,1
im_232_42.png,1
im_118_42.png,1
im_132_42.png,1
im_3_42.png,1
im_281_42.png,1
im_163_42.png,1
im_169_42.png,1
im_288_42.png,1
im_5_42.png,1
im_259_42.png,1
im_260_42.png,1
im_156_42.png,1
im_121_42.png,1
im_287_42.png,1
im_222_42.png,1
im_119_42.png,1
im_10_42.png,1
im_112_42.png,1
im_273_42.png,1
im_139_42.png,1
im_175_42.png,1
im_231_42.png,1
im_201_42.png,1
im_180_42.png,1
im_208_42.png,1
im_126_42.png,1
im_87_42.png,1
im_93_42.png,1
im_28_42.png,1
im_105_42.png,1
im_122_42.png,1
im_124_42.png,1
im_158_42.png,1
im_46_42.png,1
im_14_42.png,1
im_70_42.png,1
im_15_42.png,1
im_248_42.png,1
im_92_42.png,1
im_42_42.png,1
im_197_42.png,1
im_212_42.png,1
im_153_42.png,1
im_142_42.png,1
im_241_42.png,1
im_128_42.png,1
im_279_42.png,1
im_274_42.png,1
im_103_42.png,1
im_240_42.png,1
im_219_42.png,1
im_253_42.png,1
im_246_42.png,1
im_6_42.png,1
im_1_42.png,1
im_189_42.png,1
im_19_42.png,1
im_291_42.png,1
im_230_42.png,1
im_89_42.png,1
im_109_42.png,1
im_137_42.png,1
im_262_42.png,1
im_162_42.png,1
im_252_42.png,1
im_56_42.png,1
im_145_42.png,1
im_77_42.png,1
im_130_42.png,1
im_24_42.png,1
im_23_42.png,1
im_280_42.png,1
im_205_42.png,1
im_211_42.png,1
im_44_42.png,1
im_261_42.png,1
im_2_42.png,1
im_59_42.png,1
im_256_42.png,1
im_183_42.png,1
im_114_42.png,1
im_278_42.png,1
im_12_42.png,1
im_257_42.png,1
im_38_42.png,1
im_36_42.png,1
im_188_42.png,1
im_53_42.png,1
im_144_42.png,1
im_292_42.png,1
im_123_42.png,1
im_110_42.png,1
im_200_42.png,1
im_196_42.png,1
im_8_42.png,1
im_100_42.png,1
im_255_42.png,1
im_244_42.png,1
im_217_42.png,1
im_221_42.png,1
im_54_42.png,1
im_81_42.png,1
im_191_42.png,1
im_85_42.png,1
im_35_42.png,1
im_101_42.png,1
im_135_42.png,1
im_63_42.png,1
im_223_42.png,1
im_65_42.png,1
im_263_42.png,1
im_174_42.png,1
im_78_42.png,1
im_176_42.png,1
im_61_42.png,1
im_43_42.png,1
im_172_42.png,1
im_171_42.png,1
im_104_42.png,1
im_173_42.png,1
im_108_42.png,1
im_270_42.png,1
im_52_42.png,1
im_140_42.png,1
im_73_42.png,1
im_193_42.png,1
im_159_42.png,1
im_88_42.png,1
im_276_42.png,1
im_27_42.png,1
im_129_42.png,1
im_160_42.png,1
im_31_42.png,1
im_249_42.png,1
im_165_42.png,1
im_76_42.png,1
im_265_42.png,1
im_277_42.png,1
im_107_42.png,1
im_254_42.png,1
im_48_42.png,1
im_227_42.png,1
im_157_42.png,1
im_229_42.png,1
im_138_42.png,1
im_71_42.png,1
im_239_42.png,1
im_75_42.png,1
im_293_42.png,1
im_286_42.png,1
im_216_42.png,1
im_62_42.png,1
im_34_42.png,1
im_90_42.png,1
im_210_42.png,1
im_82_42.png,1
im_192_42.png,1
im_148_42.png,1
im_199_42.png,1
im_20_42.png,1
im_271_42.png,1
im_49_42.png,1
im_134_42.png,1
im_283_42.png,1
im_236_42.png,1
im_26_42.png,1
im_161_42.png,1
im_39_42.png,1
im_195_42.png,1
im_298_42.png,1
im_84_42.png,1
im_266_42.png,1
im_47_42.png,1
im_166_42.png,1
im_96_42.png,1
im_146_42.png,1
im_268_42.png,1
im_68_42.png,1
im_247_42.png,1
im_267_42.png,1
im_170_42.png,1
im_113_42.png,1
im_275_42.png,1
im_243_42.png,1
im_168_42.png,1
im_297_42.png,1
im_182_42.png,1
im_116_42.png,1
im_11_42.png,1
im_167_42.png,1
im_179_42.png,1
im_79_42.png,1
im_224_42.png,1
im_177_42.png,1
im_245_42.png,1
im_269_42.png,1
im_147_42.png,1
im_190_42.png,1
im_98_42.png,1
im_141_42.png,1
im_99_42.png,1
im_95_42.png,1
im_225_42.png,1
im_41_42.png,1
im_228_42.png,1
im_0_42.png,1
im_213_42.png,1
im_80_42.png,1
im_237_42.png,1
im_60_42.png,1
im_21_42.png,1
im_299_42.png,1
im_86_42.png,1
im_198_42.png,1
im_13_42.png,1
im_214_42.png,1
im_94_42.png,1
im_151_42.png,1
im_290_42.png,1
im_22_42.png,1
im_235_42.png,1
im_4_42.png,1
im_106_42.png,1
im_185_42.png,1
im_120_42.png,1
im_250_42.png,1
im_207_42.png,1
im_51_42.png,1
im_251_42.png,1
im_18_42.png,1
im_296_42.png,1
im_295_42.png,1
im_40_42.png,1
im_226_42.png,1
im_57_42.png,1
im_69_42.png,1
im_238_42.png,1
im_115_42.png,1
im_72_42.png,1
im_45_42.png,1
im_37_42.png,1
im_289_42.png,1
im_203_42.png,1
im_136_42.png,1
im_66_42.png,1
im_30_42.png,1
im_194_42.png,1
im_284_42.png,1
im_131_42.png,1
im_117_42.png,1
im_67_42.png,1
im_58_42.png,1
im_233_42.png,1
im_83_42.png,1
im_149_42.png,1
im_164_42.png,1
im_218_42.png,1
im_143_42.png,1
im_7_42.png,1
im_234_42.png,1
im_206_42.png,1
im_258_42.png,1
im_264_42.png,1
im_25_42.png,1
im_186_42.png,1
im_50_42.png,1
im_154_42.png,1
im_155_42.png,1
im_55_42.png,1
im_97_42.png,1
im_74_42.png,1
im_17_42.png,1
im_33_42.png,1
im_181_42.png,1
im_150_42.png,1
im_133_42.png,1
im_184_42.png,1
im_102_42.png,1
im_152_42.png,1
im_111_42.png,1
im_125_42.png,1
im_16_42.png,1
im_178_42.png,1
im_91_42.png,1
im_242_42.png,1
im_28_43.png,1
im_25_43.png,1
im_26_43.png,1
im_16_43.png,1
im_5_43.png,1
im_24_43.png,1
im_35_43.png,1
im_34_43.png,1
im_12_43.png,1
im_30_43.png,1
im_32_43.png,1
im_37_43.png,1
im_31_43.png,1
im_19_43.png,1
im_0_43.png,1
im_29_43.png,1
im_14_43.png,1
im_36_43.png,1
im_27_43.png,1
im_11_43.png,1
im_47_43.png,1
im_33_43.png,1
im_21_43.png,1
im_15_43.png,1
im_22_43.png,1
im_4_43.png,1
im_6_43.png,1
im_1_43.png,1
im_7_43.png,1
im_46_43.png,1
im_8_43.png,1
im_17_43.png,1
im_40_43.png,1
im_39_43.png,1
im_43_43.png,1
im_45_43.png,1
im_18_43.png,1
im_3_43.png,1
im_9_43.png,1
im_10_43.png,1
im_44_43.png,1
im_20_43.png,1
im_23_43.png,1
im_41_43.png,1
im_42_43.png,1
im_13_43.png,1
im_38_43.png,1
im_2_43.png,1
im_97_44.png,1
im_72_44.png,1
im_28_44.png,1
im_111_44.png,1
im_91_44.png,1
im_27_44.png,1
im_103_44.png,1
im_105_44.png,1
im_71_44.png,1
im_113_44.png,1
im_37_44.png,1
im_112_44.png,1
im_32_44.png,1
im_34_44.png,1
im_80_44.png,1
im_98_44.png,1
im_10_44.png,1
im_25_44.png,1
im_45_44.png,1
im_78_44.png,1
im_2_44.png,1
im_20_44.png,1
im_43_44.png,1
im_22_44.png,1
im_66_44.png,1
im_114_44.png,1
im_101_44.png,1
im_90_44.png,1
im_118_44.png,1
im_51_44.png,1
im_23_44.png,1
im_89_44.png,1
im_6_44.png,1
im_69_44.png,1
im_56_44.png,1
im_102_44.png,1
im_39_44.png,1
im_4_44.png,1
im_11_44.png,1
im_62_44.png,1
im_29_44.png,1
im_0_44.png,1
im_35_44.png,1
im_116_44.png,1
im_8_44.png,1
im_19_44.png,1
im_47_44.png,1
im_95_44.png,1
im_50_44.png,1
im_99_44.png,1
im_82_44.png,1
im_31_44.png,1
im_123_44.png,1
im_3_44.png,1
im_108_44.png,1
im_40_44.png,1
im_86_44.png,1
im_109_44.png,1
im_125_44.png,1
im_7_44.png,1
im_110_44.png,1
im_94_44.png,1
im_74_44.png,1
im_16_44.png,1
im_73_44.png,1
im_124_44.png,1
im_93_44.png,1
im_117_44.png,1
im_52_44.png,1
im_9_44.png,1
im_24_44.png,1
im_15_44.png,1
im_70_44.png,1
im_18_44.png,1
im_88_44.png,1
im_5_44.png,1
im_104_44.png,1
im_76_44.png,1
im_48_44.png,1
im_26_44.png,1
im_58_44.png,1
im_38_44.png,1
im_120_44.png,1
im_121_44.png,1
im_84_44.png,1
im_13_44.png,1
im_61_44.png,1
im_60_44.png,1
im_75_44.png,1
im_64_44.png,1
im_77_44.png,1
im_92_44.png,1
im_36_44.png,1
im_33_44.png,1
im_96_44.png,1
im_79_44.png,1
im_115_44.png,1
im_83_44.png,1
im_126_44.png,1
im_49_44.png,1
im_119_44.png,1
im_68_44.png,1
im_53_44.png,1
im_81_44.png,1
im_122_44.png,1
im_57_44.png,1
im_59_44.png,1
im_30_44.png,1
im_21_44.png,1
im_44_44.png,1
im_67_44.png,1
im_46_44.png,1
im_106_44.png,1
im_41_44.png,1
im_63_44.png,1
im_14_44.png,1
im_87_44.png,1
im_54_44.png,1
im_12_44.png,1
im_100_44.png,1
im_42_44.png,1
im_1_44.png,1
im_65_44.png,1
im_55_44.png,1
im_107_44.png,1
im_85_44.png,1
im_17_44.png,1
im_53_45.png,1
im_3_45.png,1
im_29_45.png,1
im_49_45.png,1
im_57_45.png,1
im_52_45.png,1
im_47_45.png,1
im_38_45.png,1
im_31_45.png,1
im_43_45.png,1
im_16_45.png,1
im_1_45.png,1
im_13_45.png,1
im_25_45.png,1
im_61_45.png,1
im_24_45.png,1
im_2_45.png,1
im_54_45.png,1
im_59_45.png,1
im_56_45.png,1
im_73_45.png,1
im_18_45.png,1
im_32_45.png,1
im_42_45.png,1
im_68_45.png,1
im_27_45.png,1
im_5_45.png,1
im_23_45.png,1
im_9_45.png,1
im_62_45.png,1
im_69_45.png,1
im_6_45.png,1
im_37_45.png,1
im_0_45.png,1
im_71_45.png,1
im_8_45.png,1
im_45_45.png,1
im_70_45.png,1
im_7_45.png,1
im_63_45.png,1
im_4_45.png,1
im_20_45.png,1
im_26_45.png,1
im_15_45.png,1
im_60_45.png,1
im_44_45.png,1
im_66_45.png,1
im_21_45.png,1
im_35_45.png,1
im_34_45.png,1
im_72_45.png,1
im_67_45.png,1
im_14_45.png,1
im_55_45.png,1
im_36_45.png,1
im_10_45.png,1
im_46_45.png,1
im_11_45.png,1
im_17_45.png,1
im_48_45.png,1
im_33_45.png,1
im_50_45.png,1
im_39_45.png,1
im_28_45.png,1
im_41_45.png,1
im_22_45.png,1
im_64_45.png,1
im_19_45.png,1
im_58_45.png,1
im_12_45.png,1
im_65_45.png,1
im_51_45.png,1
im_30_45.png,1
im_40_45.png,1
im_74_45.png,1
im_159_49.png,1
im_148_49.png,1
im_132_49.png,1
im_136_49.png,1
im_278_49.png,1
im_76_49.png,1
im_209_49.png,1
im_289_49.png,1
im_88_49.png,1
im_282_49.png,1
im_7_49.png,1
im_25_49.png,1
im_53_49.png,1
im_351_49.png,1
im_68_49.png,1
im_265_49.png,1
im_34_49.png,1
im_295_49.png,1
im_252_49.png,1
im_119_49.png,1
im_307_49.png,1
im_36_49.png,1
im_24_49.png,1
im_70_49.png,1
im_260_49.png,1
im_348_49.png,1
im_28_49.png,1
im_210_49.png,1
im_228_49.png,1
im_246_49.png,1
im_189_49.png,1
im_219_49.png,1
im_226_49.png,1
im_103_49.png,1
im_47_49.png,1
im_193_49.png,1
im_39_49.png,1
im_107_49.png,1
im_10_49.png,1
im_187_49.png,1
im_262_49.png,1
im_185_49.png,1
im_3_49.png,1
im_200_49.png,1
im_160_49.png,1
im_211_49.png,1
im_190_49.png,1
im_303_49.png,1
im_325_49.png,1
im_31_49.png,1
im_66_49.png,1
im_139_49.png,1
im_49_49.png,1
im_342_49.png,1
im_108_49.png,1
im_290_49.png,1
im_338_49.png,1
im_147_49.png,1
im_74_49.png,1
im_21_49.png,1
im_12_49.png,1
im_52_49.png,1
im_335_49.png,1
im_301_49.png,1
im_286_49.png,1
im_332_49.png,1
im_263_49.png,1
im_206_49.png,1
im_287_49.png,1
im_220_49.png,1
im_328_49.png,1
im_214_49.png,1
im_276_49.png,1
im_166_49.png,1
im_134_49.png,1
im_171_49.png,1
im_337_49.png,1
im_327_49.png,1
im_146_49.png,1
im_176_49.png,1
im_312_49.png,1
im_294_49.png,1
im_297_49.png,1
im_198_49.png,1
im_111_49.png,1
im_8_49.png,1
im_56_49.png,1
im_251_49.png,1
im_100_49.png,1
im_324_49.png,1
im_123_49.png,1
im_116_49.png,1
im_302_49.png,1
im_78_49.png,1
im_318_49.png,1
im_197_49.png,1
im_275_49.png,1
im_143_49.png,1
im_144_49.png,1
im_161_49.png,1
im_30_49.png,1
im_215_49.png,1
im_97_49.png,1
im_155_49.png,1
im_90_49.png,1
im_271_49.png,1
im_340_49.png,1
im_272_49.png,1
im_54_49.png,1
im_202_49.png,1
im_212_49.png,1
im_191_49.png,1
im_121_49.png,1
im_266_49.png,1
im_142_49.png,1
im_288_49.png,1
im_157_49.png,1
im_352_49.png,1
im_274_49.png,1
im_102_49.png,1
im_336_49.png,1
im_154_49.png,1
im_314_49.png,1
im_98_49.png,1
im_322_49.png,1
im_319_49.png,1
im_43_49.png,1
im_163_49.png,1
im_109_49.png,1
im_140_49.png,1
im_169_49.png,1
im_232_49.png,1
im_240_49.png,1
im_156_49.png,1
im_120_49.png,1
im_264_49.png,1
im_127_49.png,1
im_18_49.png,1
im_346_49.png,1
im_165_49.png,1
im_241_49.png,1
im_5_49.png,1
im_199_49.png,1
im_0_49.png,1
im_224_49.png,1
im_170_49.png,1
im_341_49.png,1
im_99_49.png,1
im_242_49.png,1
im_60_49.png,1
im_345_49.png,1
im_131_49.png,1
im_133_49.png,1
im_55_49.png,1
im_247_49.png,1
im_195_49.png,1
im_222_49.png,1
im_284_49.png,1
im_113_49.png,1
im_306_49.png,1
im_124_49.png,1
im_177_49.png,1
im_205_49.png,1
im_93_49.png,1
im_347_49.png,1
im_261_49.png,1
im_11_49.png,1
im_59_49.png,1
im_41_49.png,1
im_27_49.png,1
im_33_49.png,1
im_194_49.png,1
im_118_49.png,1
im_46_49.png,1
im_285_49.png,1
im_164_49.png,1
im_229_49.png,1
im_138_49.png,1
im_239_49.png,1
im_168_49.png,1
im_82_49.png,1
im_114_49.png,1
im_258_49.png,1
im_188_49.png,1
im_233_49.png,1
im_296_49.png,1
im_227_49.png,1
im_61_49.png,1
im_65_49.png,1
im_257_49.png,1
im_150_49.png,1
im_26_49.png,1
im_151_49.png,1
im_279_49.png,1
im_300_49.png,1
im_145_49.png,1
im_17_49.png,1
im_64_49.png,1
im_81_49.png,1
im_1_49.png,1
im_167_49.png,1
im_255_49.png,1
im_62_49.png,1
im_178_49.png,1
im_230_49.png,1
im_244_49.png,1
im_245_49.png,1
im_249_49.png,1
im_37_49.png,1
im_308_49.png,1
im_77_49.png,1
im_158_49.png,1
im_44_49.png,1
im_79_49.png,1
im_173_49.png,1
im_299_49.png,1
im_175_49.png,1
im_298_49.png,1
im_283_49.png,1
im_311_49.png,1
im_63_49.png,1
im_4_49.png,1
im_316_49.png,1
im_234_49.png,1
im_236_49.png,1
im_80_49.png,1
im_149_49.png,1
im_92_49.png,1
im_9_49.png,1
im_204_49.png,1
im_333_49.png,1
im_253_49.png,1
im_317_49.png,1
im_73_49.png,1
im_243_49.png,1
im_305_49.png,1
im_344_49.png,1
im_38_49.png,1
im_106_49.png,1
im_2_49.png,1
im_48_49.png,1
im_331_49.png,1
im_280_49.png,1
im_310_49.png,1
im_83_49.png,1
im_248_49.png,1
im_84_49.png,1
im_235_49.png,1
im_13_49.png,1
im_35_49.png,1
im_128_49.png,1
im_126_49.png,1
im_141_49.png,1
im_71_49.png,1
im_326_49.png,1
im_267_49.png,1
im_94_49.png,1
im_343_49.png,1
im_256_49.png,1
im_86_49.png,1
im_268_49.png,1
im_6_49.png,1
im_217_49.png,1
im_29_49.png,1
im_72_49.png,1
im_330_49.png,1
im_180_49.png,1
im_96_49.png,1
im_85_49.png,1
im_321_49.png,1
im_323_49.png,1
im_101_49.png,1
im_192_49.png,1
im_162_49.png,1
im_104_49.png,1
im_291_49.png,1
im_277_49.png,1
im_152_49.png,1
im_40_49.png,1
im_174_49.png,1
im_313_49.png,1
im_50_49.png,1
im_32_49.png,1
im_137_49.png,1
im_112_49.png,1
im_23_49.png,1
im_153_49.png,1
im_22_49.png,1
im_203_49.png,1
im_130_49.png,1
im_91_49.png,1
im_183_49.png,1
im_293_49.png,1
im_129_49.png,1
im_19_49.png,1
im_105_49.png,1
im_57_49.png,1
im_117_49.png,1
im_16_49.png,1
im_42_49.png,1
im_58_49.png,1
im_182_49.png,1
im_213_49.png,1
im_292_49.png,1
im_186_49.png,1
im_184_49.png,1
im_221_49.png,1
im_122_49.png,1
im_250_49.png,1
im_315_49.png,1
im_269_49.png,1
im_69_49.png,1
im_196_49.png,1
im_67_49.png,1
im_223_49.png,1
im_201_49.png,1
im_95_49.png,1
im_135_49.png,1
im_181_49.png,1
im_231_49.png,1
im_125_49.png,1
im_51_49.png,1
im_218_49.png,1
im_281_49.png,1
im_320_49.png,1
im_87_49.png,1
im_349_49.png,1
im_270_49.png,1
im_329_49.png,1
im_115_49.png,1
im_110_49.png,1
im_254_49.png,1
im_350_49.png,1
im_216_49.png,1
im_304_49.png,1
im_238_49.png,1
im_237_49.png,1
im_225_49.png,1
im_45_49.png,1
im_273_49.png,1
im_20_49.png,1
im_15_49.png,1
im_208_49.png,1
im_207_49.png,1
im_14_49.png,1
im_179_49.png,1
im_339_49.png,1
im_309_49.png,1
im_334_49.png,1
im_75_49.png,1
im_89_49.png,1
im_172_49.png,1
im_259_49.png,1
im_103_50.png,1
im_146_50.png,1
im_115_50.png,1
im_117_50.png,1
im_98_50.png,1
im_22_50.png,1
im_47_50.png,1
im_149_50.png,1
im_4_50.png,1
im_131_50.png,1
im_86_50.png,1
im_71_50.png,1
im_145_50.png,1
im_29_50.png,1
im_148_50.png,1
im_18_50.png,1
im_5_50.png,1
im_19_50.png,1
im_81_50.png,1
im_55_50.png,1
im_82_50.png,1
im_69_50.png,1
im_36_50.png,1
im_85_50.png,1
im_56_50.png,1
im_31_50.png,1
im_143_50.png,1
im_89_50.png,1
im_20_50.png,1
im_120_50.png,1
im_2_50.png,1
im_147_50.png,1
im_121_50.png,1
im_101_50.png,1
im_94_50.png,1
im_6_50.png,1
im_57_50.png,1
im_133_50.png,1
im_14_50.png,1
im_132_50.png,1
im_118_50.png,1
im_107_50.png,1
im_51_50.png,1
im_111_50.png,1
im_104_50.png,1
im_110_50.png,1
im_93_50.png,1
im_28_50.png,1
im_72_50.png,1
im_123_50.png,1
im_91_50.png,1
im_90_50.png,1
im_54_50.png,1
im_78_50.png,1
im_58_50.png,1
im_12_50.png,1
im_67_50.png,1
im_150_50.png,1
im_95_50.png,1
im_68_50.png,1
im_92_50.png,1
im_122_50.png,1
im_50_50.png,1
im_45_50.png,1
im_9_50.png,1
im_1_50.png,1
im_30_50.png,1
im_80_50.png,1
im_99_50.png,1
im_25_50.png,1
im_11_50.png,1
im_105_50.png,1
im_26_50.png,1
im_100_50.png,1
im_137_50.png,1
im_21_50.png,1
im_49_50.png,1
im_87_50.png,1
im_138_50.png,1
im_10_50.png,1
im_139_50.png,1
im_140_50.png,1
im_151_50.png,1
im_128_50.png,1
im_63_50.png,1
im_43_50.png,1
im_124_50.png,1
im_134_50.png,1
im_106_50.png,1
im_61_50.png,1
im_42_50.png,1
im_48_50.png,1
im_127_50.png,1
im_129_50.png,1
im_125_50.png,1
im_15_50.png,1
im_37_50.png,1
im_39_50.png,1
im_77_50.png,1
im_102_50.png,1
im_88_50.png,1
im_23_50.png,1
im_41_50.png,1
im_116_50.png,1
im_108_50.png,1
im_24_50.png,1
im_33_50.png,1
im_64_50.png,1
im_65_50.png,1
im_3_50.png,1
im_38_50.png,1
im_112_50.png,1
im_8_50.png,1
im_119_50.png,1
im_59_50.png,1
im_17_50.png,1
im_79_50.png,1
im_13_50.png,1
im_75_50.png,1
im_7_50.png,1
im_126_50.png,1
im_34_50.png,1
im_96_50.png,1
im_113_50.png,1
im_66_50.png,1
im_16_50.png,1
im_0_50.png,1
im_83_50.png,1
im_60_50.png,1
im_141_50.png,1
im_70_50.png,1
im_114_50.png,1
im_32_50.png,1
im_44_50.png,1
im_62_50.png,1
im_74_50.png,1
im_130_50.png,1
im_135_50.png,1
im_73_50.png,1
im_35_50.png,1
im_46_50.png,1
im_40_50.png,1
im_53_50.png,1
im_97_50.png,1
im_109_50.png,1
im_136_50.png,1
im_76_50.png,1
im_142_50.png,1
im_84_50.png,1
im_144_50.png,1
im_52_50.png,1
im_27_50.png,1
im_55_53.png,1
im_119_53.png,1
im_66_53.png,1
im_108_53.png,1
im_44_53.png,1
im_65_53.png,1
im_57_53.png,1
im_43_53.png,1
im_48_53.png,1
im_40_53.png,1
im_150_53.png,1
im_86_53.png,1
im_131_53.png,1
im_69_53.png,1
im_22_53.png,1
im_27_53.png,1
im_110_53.png,1
im_53_53.png,1
im_5_53.png,1
im_91_53.png,1
im_76_53.png,1
im_138_53.png,1
im_17_53.png,1
im_129_53.png,1
im_98_53.png,1
im_20_53.png,1
im_32_53.png,1
im_95_53.png,1
im_103_53.png,1
im_49_53.png,1
im_61_53.png,1
im_148_53.png,1
im_85_53.png,1
im_115_53.png,1
im_113_53.png,1
im_125_53.png,1
im_81_53.png,1
im_106_53.png,1
im_4_53.png,1
im_88_53.png,1
im_21_53.png,1
im_109_53.png,1
im_12_53.png,1
im_112_53.png,1
im_126_53.png,1
im_67_53.png,1
im_127_53.png,1
im_99_53.png,1
im_2_53.png,1
im_118_53.png,1
im_35_53.png,1
im_52_53.png,1
im_28_53.png,1
im_54_53.png,1
im_36_53.png,1
im_162_53.png,1
im_50_53.png,1
im_87_53.png,1
im_0_53.png,1
im_39_53.png,1
im_102_53.png,1
im_94_53.png,1
im_33_53.png,1
im_19_53.png,1
im_64_53.png,1
im_111_53.png,1
im_29_53.png,1
im_60_53.png,1
im_130_53.png,1
im_45_53.png,1
im_84_53.png,1
im_144_53.png,1
im_100_53.png,1
im_70_53.png,1
im_15_53.png,1
im_92_53.png,1
im_93_53.png,1
im_58_53.png,1
im_71_53.png,1
im_142_53.png,1
im_121_53.png,1
im_116_53.png,1
im_77_53.png,1
im_90_53.png,1
im_26_53.png,1
im_11_53.png,1
im_14_53.png,1
im_8_53.png,1
im_80_53.png,1
im_46_53.png,1
im_6_53.png,1
im_10_53.png,1
im_7_53.png,1
im_75_53.png,1
im_23_53.png,1
im_160_53.png,1
im_154_53.png,1
im_47_53.png,1
im_159_53.png,1
im_31_53.png,1
im_59_53.png,1
im_30_53.png,1
im_123_53.png,1
im_97_53.png,1
im_73_53.png,1
im_128_53.png,1
im_117_53.png,1
im_104_53.png,1
im_132_53.png,1
im_135_53.png,1
im_96_53.png,1
im_38_53.png,1
im_1_53.png,1
im_151_53.png,1
im_134_53.png,1
im_120_53.png,1
im_78_53.png,1
im_155_53.png,1
im_34_53.png,1
im_105_53.png,1
im_25_53.png,1
im_78_55.png,1
im_133_55.png,1
im_70_55.png,1
im_143_55.png,1
im_134_55.png,1
im_147_55.png,1
im_75_55.png,1
im_131_55.png,1
im_17_55.png,1
im_153_55.png,1
im_99_55.png,1
im_12_55.png,1
im_47_55.png,1
im_92_55.png,1
im_118_55.png,1
im_59_55.png,1
im_41_55.png,1
im_112_55.png,1
im_102_55.png,1
im_105_55.png,1
im_151_55.png,1
im_24_55.png,1
im_140_55.png,1
im_124_55.png,1
im_13_55.png,1
im_113_55.png,1
im_104_55.png,1
im_116_55.png,1
im_145_55.png,1
im_22_55.png,1
im_103_55.png,1
im_137_55.png,1
im_119_55.png,1
im_72_55.png,1
im_90_55.png,1
im_83_55.png,1
im_51_55.png,1
im_88_55.png,1
im_135_55.png,1
im_130_55.png,1
im_45_55.png,1
im_74_55.png,1
im_91_55.png,1
im_150_55.png,1
im_19_55.png,1
im_97_55.png,1
im_148_55.png,1
im_115_55.png,1
im_43_55.png,1
im_73_55.png,1
im_126_55.png,1
im_38_55.png,1
im_53_55.png,1
im_101_55.png,1
im_107_55.png,1
im_81_55.png,1
im_98_55.png,1
im_109_55.png,1
im_18_55.png,1
im_27_55.png,1
im_1_55.png,1
im_16_55.png,1
im_39_55.png,1
im_149_55.png,1
im_8_55.png,1
im_40_55.png,1
im_144_55.png,1
im_9_55.png,1
im_132_55.png,1
im_44_55.png,1
im_66_55.png,1
im_155_55.png,1
im_82_55.png,1
im_123_55.png,1
im_30_55.png,1
im_94_55.png,1
im_125_55.png,1
im_36_55.png,1
im_25_55.png,1
im_15_55.png,1
im_58_55.png,1
im_63_55.png,1
im_62_55.png,1
im_11_55.png,1
im_29_55.png,1
im_57_55.png,1
im_48_55.png,1
im_108_55.png,1
im_84_55.png,1
im_89_55.png,1
im_14_55.png,1
im_154_55.png,1
im_76_55.png,1
im_37_55.png,1
im_5_55.png,1
im_85_55.png,1
im_121_55.png,1
im_80_55.png,1
im_136_55.png,1
im_95_55.png,1
im_32_55.png,1
im_21_55.png,1
im_146_55.png,1
im_31_55.png,1
im_142_55.png,1
im_55_55.png,1
im_138_55.png,1
im_68_55.png,1
im_106_55.png,1
im_67_55.png,1
im_20_55.png,1
im_100_55.png,1
im_42_55.png,1
im_86_55.png,1
im_46_55.png,1
im_33_55.png,1
im_71_55.png,1
im_35_55.png,1
im_152_55.png,1
im_34_55.png,1
im_141_55.png,1
im_56_55.png,1
im_96_55.png,1
im_23_55.png,1
im_122_55.png,1
im_26_55.png,1
im_110_55.png,1
im_2_55.png,1
im_50_55.png,1
im_127_55.png,1
im_87_55.png,1
im_6_55.png,1
im_3_55.png,1
im_128_55.png,1
im_139_55.png,1
im_117_55.png,1
im_93_55.png,1
im_69_55.png,1
im_28_55.png,1
im_64_55.png,1
im_4_55.png,1
im_79_55.png,1
im_120_55.png,1
im_60_55.png,1
im_0_55.png,1
im_129_55.png,1
im_77_55.png,1
im_49_55.png,1
im_54_55.png,1
im_65_55.png,1
im_61_55.png,1
im_114_55.png,1
im_7_55.png,1
im_52_55.png,1
im_10_55.png,1
im_111_55.png,1
